{"name":"c542e20f-1b4c-49dd-bf5a-4abedbd2dfb1","id":"/providers/Microsoft.Flow/flows/c542e20f-1b4c-49dd-bf5a-4abedbd2dfb1","type":"Microsoft.Flow/flows","properties":{"apiId":"/providers/Microsoft.PowerApps/apis/shared_logicflows","displayName":"Send request for bio","definition":{"metadata":{"workflowEntityId":null,"processAdvisorMetadata":null,"flowclientsuspensionreason":"None","flowclientsuspensiontime":null,"creator":{"id":"26728ece-e923-4602-86f0-05ac6a9f7671","type":"User","tenantId":"76a2ae5a-9f00-4f6b-95ed-5d33d77c4d61"},"provisioningMethod":"FromDefinition","failureAlertSubscription":true,"clientLastModifiedTime":"2022-03-24T10:19:36.7551661Z","flowclientsuspensionreasondetails":null},"$schema":"https://schema.management.azure.com/providers/Microsoft.Logic/schemas/2016-06-01/workflowdefinition.json#","contentVersion":"1.0.0.0","parameters":{"$connections":{"defaultValue":{},"type":"Object"},"$authentication":{"defaultValue":{},"type":"SecureObject"}},"triggers":{"When_a_new_team_member_is_added":{"recurrence":{"frequency":"Minute","interval":5},"splitOn":"@triggerOutputs()?['body']","metadata":{"operationMetadataId":"02f7dad1-24e8-47b5-b388-5b44699b4cf9"},"type":"OpenApiConnection","inputs":{"host":{"apiId":"/providers/Microsoft.PowerApps/apis/shared_teams","connectionName":"shared_teams","operationId":"OnGroupMembershipAdd"},"parameters":{"groupId":"d62e0501-2a2e-4e8f-9c94-5d3aea8521ba"},"authentication":"@parameters('$authentication')"}}},"actions":{"Get_user_profile_(V2)":{"runAfter":{"Condition_2":["Succeeded"]},"metadata":{"operationMetadataId":"c3f79138-cb96-4253-a7a2-c1cd04568a8c"},"type":"OpenApiConnection","inputs":{"host":{"apiId":"/providers/Microsoft.PowerApps/apis/shared_office365users","connectionName":"shared_office365users","operationId":"UserProfile_V2"},"parameters":{"id":"@variables('Recipient')"},"authentication":"@parameters('$authentication')"}},"Post_adaptive_card_and_wait_for_a_response":{"runAfter":{"Send_an_email_(V2)":["Succeeded"]},"metadata":{"operationMetadataId":"3c514471-9ded-4881-a465-cfb3128aa6c2"},"type":"OpenApiConnectionWebhook","inputs":{"host":{"apiId":"/providers/Microsoft.PowerApps/apis/shared_teams","connectionName":"shared_teams","operationId":"PostCardAndWaitForResponse"},"parameters":{"poster":"Flow bot","location":"Chat with Flow bot","body/body/messageBody":"{\n    \"$schema\": \"http://adaptivecards.io/schemas/adaptive-card.json\",\n    \"type\": \"AdaptiveCard\",\n    \"version\": \"1.2\",\n    \"body\": [\n        {\n            \"type\": \"TextBlock\",\n            \"text\": \"Welcome to the team! Tell us about yourself\",\n            \"weight\": \"Bolder\",\n            \"size\": \"Medium\"\n        },\n        {\n            \"type\": \"TextBlock\",\n            \"text\": \"Please provide some information about your past work experience and hobbies to share with the team!\",\n            \"isSubtle\": true,\n            \"wrap\": true\n        },\n        {\n            \"type\": \"Input.Text\",\n            \"id\": \"welcomeInfo\",\n            \"placeholder\": \"Enter information here\",\n            \"isMultiline\": true,\n            \"spacing\": \"None\"\n        }\n    ],\n    \"actions\": [\n        {\n            \"type\": \"Action.Submit\",\n            \"title\": \"Submit\"\n        }\n    ]\n}","body/body/updateMessage":"Thanks and welcome to the team!","body/body/recipient/to":"@outputs('Get_user_profile_(V2)')?['body/mail']"},"authentication":"@parameters('$authentication')"}},"Send_an_email_(V2)":{"runAfter":{"Condition":["Succeeded"]},"metadata":{"operationMetadataId":"48bf16a4-dac8-4d14-9349-83de7706c328"},"type":"OpenApiConnection","inputs":{"host":{"apiId":"/providers/Microsoft.PowerApps/apis/shared_office365","connectionName":"shared_office365","operationId":"SendEmailV2"},"parameters":{"emailMessage/To":"@outputs('Get_user_profile_(V2)')?['body/mail']","emailMessage/Subject":"Profile picture","emailMessage/Body":"<p>Hi @{outputs('Get_user_profile_(V2)')?['body/givenName']},<br>\n<br>\nplease reply to this email and send your picture as attachment in JPEG or PNG format.<br>\n<br>\nThank you in advance!</p>"},"authentication":"@parameters('$authentication')"}},"Initialize_variable_workingDir":{"runAfter":{"PARAMETER_TeamName":["Succeeded"]},"metadata":{"operationMetadataId":"c028bd1d-06ee-4ef8-b090-1c4ed7bac241"},"type":"InitializeVariable","inputs":{"variables":[{"name":"workingDir","type":"string","value":"/Pictures/NewJoiners"}]},"description":"OneDrive location. Better not to edit."},"Get_a_row":{"runAfter":{"Set_variable_Name":["Succeeded"]},"metadata":{"01QFLYJ4HV2R64ZEO2A5DYGU6OX7YJOTEB":"/General/PowerAutomate/NewJoiners/NewJoiners.xlsx","operationMetadataId":"bbed450b-66cc-4a4f-bf14-a79d1d5f69cf","tableId":"@variables('Table')"},"type":"OpenApiConnection","inputs":{"host":{"apiId":"/providers/Microsoft.PowerApps/apis/shared_excelonlinebusiness","connectionName":"shared_excelonlinebusiness","operationId":"GetItem"},"parameters":{"source":"@variables('Location')","drive":"@variables('DocumentLibrary')","file":"@variables('File')","table":"@variables('Table')","idColumn":"@variables('keyColumn')","id":"@variables('Name')"},"authentication":"@parameters('$authentication')"},"description":"Change these values to parameters"},"Condition":{"actions":{"Add_a_row_into_a_table":{"runAfter":{},"metadata":{"01QFLYJ4HV2R64ZEO2A5DYGU6OX7YJOTEB":"/General/PowerAutomate/NewJoiners/NewJoiners.xlsx","operationMetadataId":"16ff2f26-fce9-4031-8298-4c201a3246d7","tableId":"@variables('Table')"},"type":"OpenApiConnection","inputs":{"host":{"apiId":"/providers/Microsoft.PowerApps/apis/shared_excelonlinebusiness","connectionName":"shared_excelonlinebusiness","operationId":"AddRowV2"},"parameters":{"source":"@variables('Location')","drive":"@variables('DocumentLibrary')","file":"@variables('File')","table":"@variables('Table')","item":{"Name":"@variables('Name')","Bio":"","Picture":"","DateModified":"@variables('DateModified')"}},"authentication":"@parameters('$authentication')"},"description":"Change these values to parameters"}},"runAfter":{"Compose_2":["Succeeded","Failed"]},"expression":{"equals":["@outputs('Compose_2')",404]},"metadata":{"operationMetadataId":"ef2353ea-fc10-4a4d-8e6c-21b0b9745dff"},"type":"If"},"Compose_2":{"runAfter":{"Get_a_row":["Succeeded","Failed"]},"metadata":{"operationMetadataId":"9c2d5a6a-7f5b-4a70-bfd5-69a7874decf2"},"type":"Compose","inputs":"@outputs('Get_a_row')['statusCode']"},"Initialize_variable_Recipient":{"runAfter":{"Initialize_variable_workingDir":["Succeeded"]},"metadata":{"operationMetadataId":"40aa7664-9b21-4e8c-8270-1aba4a5a182d"},"type":"InitializeVariable","inputs":{"variables":[{"name":"Recipient","type":"string","value":"@triggerOutputs()?['body/id']"}]}},"Initialize_variable_KeyColumn":{"runAfter":{"Initialize_variable_DocumentLibrary":["Succeeded"]},"metadata":{"operationMetadataId":"79bd8a43-b617-4f34-85e8-80345a35d920"},"type":"InitializeVariable","inputs":{"variables":[{"name":"KeyColumn","type":"string"}]}},"Initialize_variable_Location":{"runAfter":{"Initialize_variable_SiteAddress":["Succeeded"]},"metadata":{"operationMetadataId":"40e83af9-7faa-4e20-a6b7-977328330b6a"},"type":"InitializeVariable","inputs":{"variables":[{"name":"Location","type":"string"}]}},"Initialize_variable_File":{"runAfter":{"Initialize_variable_KeyColumn":["Succeeded"]},"metadata":{"operationMetadataId":"eb6a579b-d0d7-4bf8-8aa7-2661f5f168b9"},"type":"InitializeVariable","inputs":{"variables":[{"name":"File","type":"string"}]}},"Initialize_variable_Table":{"runAfter":{"Initialize_variable_File":["Succeeded"]},"metadata":{"operationMetadataId":"47fb6bec-c3c2-4951-a954-2aaff2bffb90"},"type":"InitializeVariable","inputs":{"variables":[{"name":"Table","type":"string"}]}},"Initialize_variable_DocumentLibrary":{"runAfter":{"Initialize_variable_Location":["Succeeded"]},"metadata":{"operationMetadataId":"65ec437c-df8b-464b-af7a-be4e8b14cf06"},"type":"InitializeVariable","inputs":{"variables":[{"name":"DocumentLibrary","type":"string"}]}},"PARAMETER_TeamName":{"runAfter":{},"metadata":{"operationMetadataId":"78e64494-a1d1-42f0-89ee-21eedf4a3b1c"},"type":"InitializeVariable","inputs":{"variables":[{"name":"TeamName","type":"string","value":"TStepien_Test"}]},"description":"Mandatory"},"Initialize_variable_Name":{"runAfter":{"Initialize_variable_Table":["Succeeded"]},"metadata":{"operationMetadataId":"93e7c011-e8c9-4a7c-aab2-3c099bddb214"},"type":"InitializeVariable","inputs":{"variables":[{"name":"Name","type":"string"}]}},"Set_variable_Name":{"runAfter":{"Get_user_profile_(V2)":["Succeeded"]},"metadata":{"operationMetadataId":"5c4d1048-2b55-480f-948e-9b7247be3227"},"type":"SetVariable","inputs":{"name":"Name","value":"@{concat(outputs('Get_user_profile_(V2)')?['body/givenName'], ' ', outputs('Get_user_profile_(V2)')?['body/surname'])}"}},"Set_Excel_variables":{"actions":{"Set_variable_SiteAddress_":{"runAfter":{},"metadata":{"operationMetadataId":"3c5fbd84-06fa-4fc6-a121-3f8d7fcfaf5f"},"type":"SetVariable","inputs":{"name":"SiteAddress","value":"@{concat('https://capgemini.sharepoint.com/sites/',variables('teamName'))}"}},"Set_variable_KeyColumn":{"runAfter":{"Set_variable_SiteAddress_":["Succeeded"]},"metadata":{"operationMetadataId":"9dcc19a9-e64c-414b-955a-2e920fa3c768"},"type":"SetVariable","inputs":{"name":"KeyColumn","value":"Name"}},"Set_variable_Table":{"runAfter":{"Set_variable_File":["Succeeded"]},"metadata":{"operationMetadataId":"808f677b-5ece-41c0-a63d-71178b73dd65"},"type":"SetVariable","inputs":{"name":"Table","value":"Table1"}},"Send_an_HTTP_request_to_SharePoint":{"runAfter":{"Set_variable_Table":["Succeeded"]},"metadata":{"operationMetadataId":"79808592-a6e1-4178-9d92-d3014f1f756d"},"type":"OpenApiConnection","inputs":{"host":{"apiId":"/providers/Microsoft.PowerApps/apis/shared_sharepointonline","connectionName":"shared_sharepointonline","operationId":"HttpRequest"},"parameters":{"dataset":"@variables('SiteAddress')","parameters/method":"GET","parameters/uri":"_api/v2.0/drives","parameters/headers":{"accept":"application/json"}},"authentication":"@parameters('$authentication')"}},"Parse_JSON":{"runAfter":{"Send_an_HTTP_request_to_SharePoint":["Succeeded"]},"metadata":{"operationMetadataId":"67902689-ba45-4abe-9cca-4091d2d81dd1"},"type":"ParseJson","inputs":{"content":"@body('Send_an_HTTP_request_to_SharePoint')","schema":{"type":"object","properties":{"@@odata.context":{"type":"string"},"value":{"type":"array","items":{"type":"object","properties":{"createdBy":{"type":"object","properties":{"user":{"type":"object","properties":{"displayName":{"type":"string"}}}}},"createdDateTime":{"type":"string"},"description":{"type":"string"},"id":{"type":"string"},"lastModifiedBy":{"type":"object","properties":{"user":{"type":"object","properties":{"displayName":{"type":"string"}}}}},"lastModifiedDateTime":{"type":"string"},"name":{"type":"string"},"webUrl":{"type":"string"},"driveType":{"type":"string"},"owner":{"type":"object","properties":{"group":{"type":"object","properties":{"email":{"type":"string"},"id":{"type":"string"},"displayName":{"type":"string"}}}}},"quota":{"type":"object","properties":{"deleted":{"type":"integer"},"fileCount":{"type":"integer"},"remaining":{"type":"integer"},"state":{"type":"string"},"total":{"type":"integer"},"used":{"type":"integer"}}}},"required":["createdBy","createdDateTime","description","id","lastModifiedBy","lastModifiedDateTime","name","webUrl","driveType","owner","quota"]}}}}}},"Filter_array":{"runAfter":{"Parse_JSON":["Succeeded"]},"metadata":{"operationMetadataId":"d5ca219d-2a23-4543-ad6e-c4edd2ebe8fc"},"type":"Query","inputs":{"from":"@body('Parse_JSON')?['value']","where":"@equals(item()['name'], 'Documents')"}},"Compose":{"runAfter":{"Filter_array":["Succeeded"]},"metadata":{"operationMetadataId":"421d68ef-8677-4652-829a-43801937d787"},"type":"Compose","inputs":"@body('Filter_array')[0]['id']"},"Set_variable_DocumentLibrary":{"runAfter":{"Compose":["Succeeded"]},"metadata":{"operationMetadataId":"3c5d9f22-dbf3-4e33-b6a1-5a8fcf73dbfc"},"type":"SetVariable","inputs":{"name":"DocumentLibrary","value":"@{outputs('Compose')}"}},"List_groups_that_I_own_and_belong_to":{"runAfter":{"Set_variable_DocumentLibrary":["Succeeded"]},"metadata":{"operationMetadataId":"5ed72494-7bdc-4c63-b40f-de67a9bbdbe4"},"type":"OpenApiConnection","inputs":{"host":{"apiId":"/providers/Microsoft.PowerApps/apis/shared_office365groups","connectionName":"shared_office365groups","operationId":"ListOwnedGroups_V3"},"parameters":{},"authentication":"@parameters('$authentication')"}},"Parse_JSON_2":{"runAfter":{"List_groups_that_I_own_and_belong_to":["Succeeded"]},"metadata":{"operationMetadataId":"f1a8fb1e-6029-414f-81f2-dfd333836856"},"type":"ParseJson","inputs":{"content":"@outputs('List_groups_that_I_own_and_belong_to')?['body/value']","schema":{"type":"array","items":{"type":"object","properties":{"id":{"type":"string"},"createdDateTime":{"type":"string"},"creationOptions":{"type":"array","items":{"type":"string"}},"description":{"type":"string"},"displayName":{"type":"string"},"expirationDateTime":{"type":"string"},"groupTypes":{"type":"array","items":{"type":"string"}},"mail":{"type":"string"},"mailEnabled":{"type":"boolean"},"mailNickname":{"type":"string"},"proxyAddresses":{"type":"array","items":{"type":"string"}},"renewedDateTime":{"type":"string"},"resourceBehaviorOptions":{"type":"array"},"resourceProvisioningOptions":{"type":"array","items":{"type":"string"}},"securityEnabled":{"type":"boolean"},"securityIdentifier":{"type":"string"},"visibility":{"type":"string"},"onPremisesProvisioningErrors":{"type":"array"}},"required":["id","createdDateTime","creationOptions","description","displayName","expirationDateTime","groupTypes","mail","mailEnabled","mailNickname","proxyAddresses","renewedDateTime","resourceBehaviorOptions","resourceProvisioningOptions","securityEnabled","securityIdentifier","visibility","onPremisesProvisioningErrors"]}}}},"Filter_array_2":{"runAfter":{"Parse_JSON_2":["Succeeded"]},"metadata":{"operationMetadataId":"3440f924-4b8d-4915-accb-fe834b357aac"},"type":"Query","inputs":{"from":"@body('Parse_JSON_2')","where":"@equals(item()['displayName'], variables('TeamName'))"}},"Compose_3":{"runAfter":{"Filter_array_2":["Succeeded"]},"metadata":{"operationMetadataId":"c5778f66-6293-421a-9dbb-cb2d4e208307"},"type":"Compose","inputs":"@body('Filter_array_2')[0]['id']"},"Set_variable_Location":{"runAfter":{"Compose_3":["Succeeded"]},"metadata":{"operationMetadataId":"f3db2e50-2e13-472a-81e2-7dc934b7499e"},"type":"SetVariable","inputs":{"name":"Location","value":"@{outputs('Compose_3')}"}},"Set_variable_File":{"runAfter":{"Set_variable_KeyColumn":["Succeeded"]},"metadata":{"operationMetadataId":"c21511ab-b0df-48b1-9ba0-824e35c66223"},"type":"SetVariable","inputs":{"name":"File","value":"/General/PowerAutomate/NewJoiners/NewJoiners.xlsx"}}},"runAfter":{"Initialize_variable_DateModified":["Succeeded"]},"metadata":{"operationMetadataId":"0957bbea-8f7d-4c3c-a994-051f49fc41b1"},"type":"Scope"},"Initialize_variable_SiteAddress":{"runAfter":{"Initialize_variable_Recipient":["Succeeded"]},"metadata":{"operationMetadataId":"8dc84ba9-503c-48fc-b608-4e5da803ef1d"},"type":"InitializeVariable","inputs":{"variables":[{"name":"SiteAddress","type":"string"}]}},"Get_tables":{"runAfter":{"Set_Excel_variables":["Succeeded"]},"metadata":{"operationMetadataId":"c8f810e3-964a-40f4-b79a-525926bda1d3","tableId":null},"type":"OpenApiConnection","inputs":{"host":{"apiId":"/providers/Microsoft.PowerApps/apis/shared_excelonlinebusiness","connectionName":"shared_excelonlinebusiness","operationId":"GetTables"},"parameters":{"source":"@variables('Location')","drive":"@variables('DocumentLibrary')","file":"@variables('File')"},"authentication":"@parameters('$authentication')"}},"Initialize_variable":{"runAfter":{"Get_tables":["Succeeded"]},"metadata":{"operationMetadataId":"f89f5278-536c-4141-a58b-7966a13a1180"},"type":"InitializeVariable","inputs":{"variables":[{"name":"ExistingTable","type":"array","value":"@outputs('Get_tables')?['body/value']"}]}},"Condition_2":{"actions":{"Create_table":{"runAfter":{},"metadata":{"operationMetadataId":"03686b7a-2301-4988-baf2-6518f197a392","tableId":null},"type":"OpenApiConnection","inputs":{"host":{"apiId":"/providers/Microsoft.PowerApps/apis/shared_excelonlinebusiness","connectionName":"shared_excelonlinebusiness","operationId":"CreateTable"},"parameters":{"source":"@variables('Location')","drive":"@variables('DocumentLibrary')","file":"@variables('File')","table/Range":"A1:D1","table/TableName":"@variables('Table')","table/ColumnsNames":"DateModified,Name,Bio,Picture"},"authentication":"@parameters('$authentication')"}}},"runAfter":{"Initialize_variable":["Succeeded"]},"expression":{"equals":["@empty(variables('ExistingTable'))","@true"]},"metadata":{"operationMetadataId":"c1bddb34-6c42-4d6e-9ba3-67fd915fad08"},"type":"If"},"Initialize_variable_DateModified":{"runAfter":{"Initialize_variable_Name":["Succeeded"]},"metadata":{"operationMetadataId":"beb1c9b4-869d-41f8-b3d4-a7a1ea5ce6be"},"type":"InitializeVariable","inputs":{"variables":[{"name":"DateModified","type":"string","value":"@{utcNow()}"}]}},"Update_a_row":{"runAfter":{"Post_adaptive_card_and_wait_for_a_response":["Succeeded"]},"metadata":{"01QFLYJ4HV2R64ZEO2A5DYGU6OX7YJOTEB":"/General/PowerAutomate/NewJoiners/NewJoiners.xlsx","operationMetadataId":"eaba14e8-8175-4663-b024-8652b2e3974a","tableId":"@variables('Table')"},"type":"OpenApiConnection","inputs":{"host":{"apiId":"/providers/Microsoft.PowerApps/apis/shared_excelonlinebusiness","connectionName":"shared_excelonlinebusiness","operationId":"PatchItem"},"parameters":{"source":"@variables('Location')","drive":"@variables('DocumentLibrary')","file":"@variables('File')","table":"@variables('Table')","idColumn":"@variables('keyColumn')","id":"@variables('Name')","item":{"DateModified":"@variables('DateModified')","Bio":"@outputs('Post_adaptive_card_and_wait_for_a_response')?['body/data/welcomeInfo']"}},"authentication":"@parameters('$authentication')"},"description":"Change these values to parameters"}}},"connectionReferences":{"shared_office365users":{"connectionName":"shared-office365user-d5d43353-367b-40a8-b0f6-6267cdee4cab","source":"Embedded","id":"/providers/Microsoft.PowerApps/apis/shared_office365users","tier":"NotSpecified"},"shared_teams":{"connectionName":"shared-teams-da7fd24b-635f-47e1-8380-8dc8-269ae73a","source":"Embedded","id":"/providers/Microsoft.PowerApps/apis/shared_teams","tier":"NotSpecified"},"shared_office365":{"connectionName":"shared-office365-a324684d-6402-4b61-b8bb-4d5e11398440","source":"Embedded","id":"/providers/Microsoft.PowerApps/apis/shared_office365","tier":"NotSpecified"},"shared_excelonlinebusiness":{"connectionName":"shared-excelonlinebu-2b456485-25eb-4203-8e50-aca1-b005637a","source":"Embedded","id":"/providers/Microsoft.PowerApps/apis/shared_excelonlinebusiness","tier":"NotSpecified"},"shared_sharepointonline":{"connectionName":"141cc76686534b7bb4494aa210396867","source":"Embedded","id":"/providers/Microsoft.PowerApps/apis/shared_sharepointonline","tier":"NotSpecified"},"shared_office365groups":{"connectionName":"shared-office365grou-623ca867-f9f9-42b8-8640-c54cdac0ba09","source":"Embedded","id":"/providers/Microsoft.PowerApps/apis/shared_office365groups","tier":"NotSpecified"}},"flowFailureAlertSubscribed":false,"isManaged":false}}