{"name":"bec6af2d-d79c-478d-9739-b690735c4c22","id":"/providers/Microsoft.Flow/flows/bec6af2d-d79c-478d-9739-b690735c4c22","type":"Microsoft.Flow/flows","properties":{"apiId":"/providers/Microsoft.PowerApps/apis/shared_logicflows","displayName":"Send email with user bios_1","definition":{"metadata":{"workflowEntityId":null,"processAdvisorMetadata":null,"flowclientsuspensionreason":"None","flowclientsuspensiontime":null,"creator":{"id":"26728ece-e923-4602-86f0-05ac6a9f7671","type":"User","tenantId":"76a2ae5a-9f00-4f6b-95ed-5d33d77c4d61"},"provisioningMethod":"FromDefinition","failureAlertSubscription":true,"clientLastModifiedTime":"2022-06-01T14:49:28.5380346Z","flowclientsuspensionreasondetails":null},"$schema":"https://schema.management.azure.com/providers/Microsoft.Logic/schemas/2016-06-01/workflowdefinition.json#","contentVersion":"1.0.0.0","parameters":{"$connections":{"defaultValue":{},"type":"Object"},"$authentication":{"defaultValue":{},"type":"SecureObject"}},"triggers":{"manual":{"metadata":{"operationMetadataId":"09a10d51-9c53-4def-b5e1-31eab66b035f"},"type":"Request","kind":"Button","inputs":{"schema":{"type":"object","properties":{},"required":[]},"headersSchema":{"x-ms-user-email-encoded":{"title":"User email","type":"string","format":"byte","x-ms-dynamically-added":false}}}}},"actions":{"List_rows_present_in_a_table":{"runAfter":{"Email_banner":["Succeeded"]},"metadata":{"012INF32IAB254IQ6PQNHJS7QCZWFUOIAQ":"/Pictures/NewJoiners/NewJoiners.xlsx","operationMetadataId":"4f3a758c-a07d-4990-895a-de67a9a5392e","tableId":"@variables('Table')","01QFLYJ4HV2R64ZEO2A5DYGU6OX7YJOTEB":"/General/PowerAutomate/NewJoiners/NewJoiners.xlsx"},"type":"OpenApiConnection","inputs":{"host":{"apiId":"/providers/Microsoft.PowerApps/apis/shared_excelonlinebusiness","connectionName":"shared_excelonlinebusiness","operationId":"GetItems"},"parameters":{"source":"@variables('Location')","drive":"@variables('DocumentLibrary')","file":"@variables('File')","table":"@variables('Table')"},"authentication":{"value":"@json(decodeBase64(triggerOutputs().headers['X-MS-APIM-Tokens']))['$ConnectionKey']","type":"Raw"}},"description":"Change the \"Location\" to your Teams team name"},"Initialize_variable_Array":{"runAfter":{"Select":["Succeeded"]},"metadata":{"operationMetadataId":"c76b6e71-ae89-438e-a79a-071d6d2aba2b"},"type":"InitializeVariable","inputs":{"variables":[{"name":"Array","type":"array","value":"@body('Select')"}]}},"Initialize_variable_Object0":{"runAfter":{"Initialize_variable_ObjectCount":["Succeeded"]},"metadata":{"operationMetadataId":"bf53eb37-4b88-42e5-82ed-365cd487630d"},"type":"InitializeVariable","inputs":{"variables":[{"name":"Object0","type":"object"}]},"description":"variables('Array')[0]"},"Compose_EmailBody":{"runAfter":{"Append_to_string_variable":["Succeeded"]},"metadata":{"operationMetadataId":"dad4b4fe-caf8-49cd-a242-a7bfa0ccd589"},"type":"Compose","inputs":"@variables('EmailBody')"},"Send_an_email_(V2)_2":{"runAfter":{"Compose_EmailBody":["Succeeded"]},"metadata":{"operationMetadataId":"d97e21f2-0e89-4cc2-a2de-571fabf1dc2f"},"type":"OpenApiConnection","inputs":{"host":{"apiId":"/providers/Microsoft.PowerApps/apis/shared_office365","connectionName":"shared_office365","operationId":"SendEmailV2"},"parameters":{"emailMessage/To":"@variables('recipient')","emailMessage/Subject":"@variables('EmailSubject')","emailMessage/Body":"<p>@{variables('EmailBody')}</p>"},"authentication":{"value":"@json(decodeBase64(triggerOutputs().headers['X-MS-APIM-Tokens']))['$ConnectionKey']","type":"Raw"}}},"Initialize_variable_ObjectCount":{"runAfter":{"Fail_flow_if_data_is_missing":["Succeeded"]},"metadata":{"operationMetadataId":"f15759d4-11f3-4642-8614-c7bfe15bd201"},"type":"InitializeVariable","inputs":{"variables":[{"name":"ObjectCount","type":"integer","value":"@length(variables('Array'))"}]}},"Condition_-_1_user":{"actions":{"User0":{"actions":{"Set_variable_Object0":{"runAfter":{},"metadata":{"operationMetadataId":"18f96fdb-32c3-4af9-99d2-8c5e119c0ff1"},"type":"SetVariable","inputs":{"name":"Object0","value":"@variables('Array')[0]"}},"Set_variable_Name0":{"runAfter":{"Set_variable_Object0":["Succeeded"]},"metadata":{"operationMetadataId":"2835fabc-222d-451d-8467-654730680f3c"},"type":"SetVariable","inputs":{"name":"Name0","value":"@{variables('Object0')['Name']}"}},"Set_variable_Bio0":{"runAfter":{"Set_variable_Name0":["Succeeded"]},"metadata":{"operationMetadataId":"dd9c9811-ed07-410a-ad49-61b316b4f814"},"type":"SetVariable","inputs":{"name":"Bio0","value":"@{variables('Object0')['Bio']}"}},"Set_variable_Picture0":{"runAfter":{"Set_variable_Bio0":["Succeeded"]},"metadata":{"operationMetadataId":"498ec6aa-4243-4b21-a839-91d77444485a"},"type":"SetVariable","inputs":{"name":"Picture0","value":"@{variables('Object0')['Picture']}"}},"Set_variable_ImageTag0":{"runAfter":{"Compose_ImageTag0":["Succeeded"]},"metadata":{"operationMetadataId":"37a826ec-777f-4c82-8885-bcff57428bfd"},"type":"SetVariable","inputs":{"name":"ImageTag0","value":"@{outputs('Compose_ImageTag0')}"}},"Get_file_content_using_path_Picture0":{"runAfter":{"Set_variable_Picture0":["Succeeded"]},"metadata":{"operationMetadataId":"cce3c95d-3776-4d1c-a75f-ea3a96dbd012"},"type":"OpenApiConnection","inputs":{"host":{"apiId":"/providers/Microsoft.PowerApps/apis/shared_sharepointonline","connectionName":"shared_sharepointonline","operationId":"GetFileContentByPath"},"parameters":{"dataset":"@variables('SiteAddress')","path":"@variables('Picture0')","inferContentType":true},"authentication":{"value":"@json(decodeBase64(triggerOutputs().headers['X-MS-APIM-Tokens']))['$ConnectionKey']","type":"Raw"}}},"Append_to_string_variable_EmailBody_0":{"runAfter":{"Set_variable_ImageTag0":["Succeeded"]},"metadata":{"operationMetadataId":"f915b75d-7c5a-4f9f-b6d7-b697f4bacdcd"},"type":"AppendToStringVariable","inputs":{"name":"EmailBody","value":"<table class=\"row row-3\" align=\"center\" width=\"100%\" border=\"0\" cellpadding=\"0\" cellspacing=\"0\" role=\"presentation\" style=\"mso-table-lspace: 0pt; mso-table-rspace: 0pt;\">\n\t\t\t\t\t\t<tbody>\n\t\t\t\t\t\t\t<tr>\n\t\t\t\t\t\t\t\t<td>\n\t\t\t\t\t\t\t\t\t<table class=\"row-content stack\" align=\"center\" border=\"0\" cellpadding=\"0\" cellspacing=\"0\" role=\"presentation\" style=\"mso-table-lspace: 0pt; mso-table-rspace: 0pt; color: #000000; width: 770px;\" width=\"770\">\n\t\t\t\t\t\t\t\t\t\t<tbody>\n\t\t\t\t\t\t\t\t\t\t\t<tr>\n\t\t\t\t\t\t\t\t\t\t\t\t<td class=\"column column-1\" width=\"25%\" style=\"mso-table-lspace: 0pt; mso-table-rspace: 0pt; font-weight: 400; text-align: left; vertical-align: top; border-top: 0px; border-right: 0px; border-bottom: 0px; border-left: 0px;\">\n\t\t\t\t\t\t\t\t\t\t\t\t\t<table class=\"image_block\" width=\"100%\" border=\"0\" cellpadding=\"0\" cellspacing=\"0\" role=\"presentation\" style=\"mso-table-lspace: 0pt; mso-table-rspace: 0pt;\">\n\t\t\t\t\t\t\t\t\t\t\t\t\t\t<tr>\n\t\t\t\t\t\t\t\t\t\t\t\t\t\t\t<td style=\"width:100%;padding-right:0px;padding-left:0px;padding-top:5px;padding-bottom:5px;\">\n\t\t\t\t\t\t\t\t\t\t\t\t\t\t\t\t<div align=\"center\" style=\"line-height:10px\">@{variables('ImageTag0')}</div>\n\t\t\t\t\t\t\t\t\t\t\t\t\t\t\t</td>\n\t\t\t\t\t\t\t\t\t\t\t\t\t\t</tr>\n\t\t\t\t\t\t\t\t\t\t\t\t\t</table>\n\t\t\t\t\t\t\t\t\t\t\t\t</td>\n\t\t\t\t\t\t\t\t\t\t\t\t<td class=\"column column-2\" width=\"75%\" style=\"mso-table-lspace: 0pt; mso-table-rspace: 0pt; font-weight: 400; text-align: left; vertical-align: top; border-top: 0px; border-right: 0px; border-bottom: 0px; border-left: 0px;\">\n\t\t\t\t\t\t\t\t\t\t\t\t\t<table class=\"paragraph_block\" width=\"100%\" border=\"0\" cellpadding=\"0\" cellspacing=\"0\" role=\"presentation\" style=\"mso-table-lspace: 0pt; mso-table-rspace: 0pt; word-break: break-word;\">\n\t\t\t\t\t\t\t\t\t\t\t\t\t\t<tr>\n\t\t\t\t\t\t\t\t\t\t\t\t\t\t\t<td style=\"padding-bottom:20px;padding-left:15px;padding-right:15px;padding-top:20px;\">\n\t\t\t\t\t\t\t\t\t\t\t\t\t\t\t\t<div style=\"color:#393d47;direction:ltr;font-family:Calibri, 'Helvetica Neue', Helvetica, sans-serif;font-size:11pt;font-weight:400;letter-spacing:0px;line-height:120%;text-align:left;\">\n\t\t\t\t\t\t\t\t\t\t\t\t\t\t\t\t\t<p style=\"margin: 0; margin-bottom: 16px;\"><strong>@{variables('Name0')}</strong></p>\n\t\t\t\t\t\t\t\t\t\t\t\t\t\t\t\t\t<p style=\"margin: 0;\">@{variables('Bio0')}</p>\n\t\t\t\t\t\t\t\t\t\t\t\t\t\t\t\t</div>\n\t\t\t\t\t\t\t\t\t\t\t\t\t\t\t</td>\n\t\t\t\t\t\t\t\t\t\t\t\t\t\t</tr>\n\t\t\t\t\t\t\t\t\t\t\t\t\t</table>\n\t\t\t\t\t\t\t\t\t\t\t\t</td>\n\t\t\t\t\t\t\t\t\t\t\t</tr>\n\t\t\t\t\t\t\t\t\t\t</tbody>\n\t\t\t\t\t\t\t\t\t</table>\n\t\t\t\t\t\t\t\t</td>\n\t\t\t\t\t\t\t</tr>\n\t\t\t\t\t\t</tbody>\n\t\t\t\t\t</table>"}},"Compose_ImageTag0":{"runAfter":{"Get_file_content_using_path_Picture0":["Succeeded"]},"metadata":{"operationMetadataId":"56fc75ff-7be0-44de-957d-cf521c6d53dc"},"type":"Compose","inputs":"<img style=\"display: block; height: auto; border: 0; width: 193px; max-width: 100%;\" src=\"data:image/jpeg;base64,@{body('Get_file_content_using_path_Picture0')['$content']}\"\n/>"}},"runAfter":{},"metadata":{"operationMetadataId":"4aa80c3c-9fb2-47ea-ad5d-90fd20ef0724"},"type":"Scope"}},"runAfter":{"Initialize_variable_ImageTag2":["Succeeded"]},"expression":{"greater":["@variables('ObjectCount')",0]},"metadata":{"operationMetadataId":"81ebe5f6-bb52-4749-91ac-f358fb497407"},"type":"If"},"Condition_-_2_users":{"actions":{"User1":{"actions":{"Set_variable_Object1":{"runAfter":{},"metadata":{"operationMetadataId":"dc33ac5d-36b6-4550-b8ee-4425cc367f97"},"type":"SetVariable","inputs":{"name":"Object1","value":"@variables('Array')[1]"}},"Set_variable_Name1":{"runAfter":{"Set_variable_Object1":["Succeeded"]},"metadata":{"operationMetadataId":"8550fc4c-4674-4493-894f-d3c1aa7d3a04"},"type":"SetVariable","inputs":{"name":"Name1","value":"@{variables('Object1')['Name']}"}},"Set_variable_Bio1":{"runAfter":{"Set_variable_Name1":["Succeeded"]},"metadata":{"operationMetadataId":"8e170b7c-3e2a-4b6b-889e-e6398cfb99d7"},"type":"SetVariable","inputs":{"name":"Bio1","value":"@{variables('Object1')['Bio']}"}},"Set_variable_Picture1":{"runAfter":{"Set_variable_Bio1":["Succeeded"]},"metadata":{"operationMetadataId":"b5f6f4ed-562d-4464-9b2b-94bf4e653bac"},"type":"SetVariable","inputs":{"name":"Picture1","value":"@{variables('Object1')['Picture']}"}},"Get_file_content_using_path_Picture1":{"runAfter":{"Set_variable_Picture1":["Succeeded"]},"metadata":{"operationMetadataId":"3fdf2b78-83e3-45ca-ab3e-6a81837f837c"},"type":"OpenApiConnection","inputs":{"host":{"apiId":"/providers/Microsoft.PowerApps/apis/shared_sharepointonline","connectionName":"shared_sharepointonline","operationId":"GetFileContentByPath"},"parameters":{"dataset":"@variables('SiteAddress')","path":"@variables('Picture1')","inferContentType":true},"authentication":{"value":"@json(decodeBase64(triggerOutputs().headers['X-MS-APIM-Tokens']))['$ConnectionKey']","type":"Raw"}}},"Set_variable_ImageTag1":{"runAfter":{"Compose_ImageTag1":["Succeeded"]},"metadata":{"operationMetadataId":"ea42dc01-cb06-402e-b7f8-f2da406d3b25"},"type":"SetVariable","inputs":{"name":"ImageTag1","value":"@{outputs('Compose_ImageTag1')}"}},"Append_to_string_variable_EmailBody_1":{"runAfter":{"Set_variable_ImageTag1":["Succeeded"]},"metadata":{"operationMetadataId":"62d78bab-759e-49b5-9676-582de0d0f121"},"type":"AppendToStringVariable","inputs":{"name":"EmailBody","value":"<table class=\"row row-3\" align=\"center\" width=\"100%\" border=\"0\" cellpadding=\"0\" cellspacing=\"0\" role=\"presentation\" style=\"mso-table-lspace: 0pt; mso-table-rspace: 0pt;\">\n\t\t\t\t\t\t<tbody>\n\t\t\t\t\t\t\t<tr>\n\t\t\t\t\t\t\t\t<td>\n\t\t\t\t\t\t\t\t\t<table class=\"row-content stack\" align=\"center\" border=\"0\" cellpadding=\"0\" cellspacing=\"0\" role=\"presentation\" style=\"mso-table-lspace: 0pt; mso-table-rspace: 0pt; color: #000000; width: 770px;\" width=\"770\">\n\t\t\t\t\t\t\t\t\t\t<tbody>\n\t\t\t\t\t\t\t\t\t\t\t<tr>\n\t\t\t\t\t\t\t\t\t\t\t\t<td class=\"column column-1\" width=\"25%\" style=\"mso-table-lspace: 0pt; mso-table-rspace: 0pt; font-weight: 400; text-align: left; vertical-align: top; border-top: 0px; border-right: 0px; border-bottom: 0px; border-left: 0px;\">\n\t\t\t\t\t\t\t\t\t\t\t\t\t<table class=\"image_block\" width=\"100%\" border=\"0\" cellpadding=\"0\" cellspacing=\"0\" role=\"presentation\" style=\"mso-table-lspace: 0pt; mso-table-rspace: 0pt;\">\n\t\t\t\t\t\t\t\t\t\t\t\t\t\t<tr>\n\t\t\t\t\t\t\t\t\t\t\t\t\t\t\t<td style=\"width:100%;padding-right:0px;padding-left:0px;padding-top:5px;padding-bottom:5px;\">\n\t\t\t\t\t\t\t\t\t\t\t\t\t\t\t\t<div align=\"center\" style=\"line-height:10px\">@{variables('ImageTag1')}</div>\n\t\t\t\t\t\t\t\t\t\t\t\t\t\t\t</td>\n\t\t\t\t\t\t\t\t\t\t\t\t\t\t</tr>\n\t\t\t\t\t\t\t\t\t\t\t\t\t</table>\n\t\t\t\t\t\t\t\t\t\t\t\t</td>\n\t\t\t\t\t\t\t\t\t\t\t\t<td class=\"column column-2\" width=\"75%\" style=\"mso-table-lspace: 0pt; mso-table-rspace: 0pt; font-weight: 400; text-align: left; vertical-align: top; border-top: 0px; border-right: 0px; border-bottom: 0px; border-left: 0px;\">\n\t\t\t\t\t\t\t\t\t\t\t\t\t<table class=\"paragraph_block\" width=\"100%\" border=\"0\" cellpadding=\"0\" cellspacing=\"0\" role=\"presentation\" style=\"mso-table-lspace: 0pt; mso-table-rspace: 0pt; word-break: break-word;\">\n\t\t\t\t\t\t\t\t\t\t\t\t\t\t<tr>\n\t\t\t\t\t\t\t\t\t\t\t\t\t\t\t<td style=\"padding-bottom:20px;padding-left:15px;padding-right:15px;padding-top:20px;\">\n\t\t\t\t\t\t\t\t\t\t\t\t\t\t\t\t<div style=\"color:#393d47;direction:ltr;font-family:Calibri, 'Helvetica Neue', Helvetica, sans-serif;font-size:11pt;font-weight:400;letter-spacing:0px;line-height:120%;text-align:left;\">\n\t\t\t\t\t\t\t\t\t\t\t\t\t\t\t\t\t<p style=\"margin: 0; margin-bottom: 16px;\"><strong>@{variables('Name1')}</strong></p>\n\t\t\t\t\t\t\t\t\t\t\t\t\t\t\t\t\t<p style=\"margin: 0;\">@{variables('Bio1')}</p>\n\t\t\t\t\t\t\t\t\t\t\t\t\t\t\t\t</div>\n\t\t\t\t\t\t\t\t\t\t\t\t\t\t\t</td>\n\t\t\t\t\t\t\t\t\t\t\t\t\t\t</tr>\n\t\t\t\t\t\t\t\t\t\t\t\t\t</table>\n\t\t\t\t\t\t\t\t\t\t\t\t</td>\n\t\t\t\t\t\t\t\t\t\t\t</tr>\n\t\t\t\t\t\t\t\t\t\t</tbody>\n\t\t\t\t\t\t\t\t\t</table>\n\t\t\t\t\t\t\t\t</td>\n\t\t\t\t\t\t\t</tr>\n\t\t\t\t\t\t</tbody>\n\t\t\t\t\t</table>"}},"Compose_ImageTag1":{"runAfter":{"Get_file_content_using_path_Picture1":["Succeeded"]},"metadata":{"operationMetadataId":"2c169d68-0759-4f31-b14a-38ac85be1906"},"type":"Compose","inputs":"<img src=\"data:image/jpeg;base64,@{body('Get_file_content_using_path_Picture1')['$content']}\"\n/>"}},"runAfter":{},"metadata":{"operationMetadataId":"ce2e6649-7990-42bb-bd8c-47fa7aa094bd"},"type":"Scope"}},"runAfter":{"Condition_-_1_user":["Succeeded"]},"expression":{"greater":["@variables('ObjectCount')",1]},"metadata":{"operationMetadataId":"26fca203-e9bd-484c-b8d9-01d5c31b8ee7"},"type":"If"},"Condition_-_3_users":{"actions":{"User2":{"actions":{"Set_variable_Object2":{"runAfter":{},"metadata":{"operationMetadataId":"03970c75-7104-47e1-be60-7ff7f35461d6"},"type":"SetVariable","inputs":{"name":"Object2","value":"@variables('Array')[2]"}},"Set_variable_Name2":{"runAfter":{"Set_variable_Object2":["Succeeded"]},"metadata":{"operationMetadataId":"78dad0d7-5bcb-410c-b87d-16669a522566"},"type":"SetVariable","inputs":{"name":"Name2","value":"@{variables('Object2')['Name']}"}},"Set_variable_Bio2":{"runAfter":{"Set_variable_Name2":["Succeeded"]},"metadata":{"operationMetadataId":"1ac441ba-2372-415d-999f-f4e72dcbc6aa"},"type":"SetVariable","inputs":{"name":"Bio2","value":"@{variables('Object2')['Bio']}"}},"Set_variable_Picture2":{"runAfter":{"Set_variable_Bio2":["Succeeded"]},"metadata":{"operationMetadataId":"9bfa1706-d2f7-4662-998b-fc1a82b5f561"},"type":"SetVariable","inputs":{"name":"Picture2","value":"@{variables('Object2')['Picture']}"}},"Get_file_content_using_path_Picture2":{"runAfter":{"Set_variable_Picture2":["Succeeded"]},"metadata":{"operationMetadataId":"5aa02d8c-769b-4cca-9df2-37fc2d9d6de3"},"type":"OpenApiConnection","inputs":{"host":{"apiId":"/providers/Microsoft.PowerApps/apis/shared_sharepointonline","connectionName":"shared_sharepointonline","operationId":"GetFileContentByPath"},"parameters":{"dataset":"@variables('SiteAddress')","path":"@variables('Picture2')","inferContentType":true},"authentication":{"value":"@json(decodeBase64(triggerOutputs().headers['X-MS-APIM-Tokens']))['$ConnectionKey']","type":"Raw"}}},"Set_variable_ImageTag2":{"runAfter":{"Compose_ImageTag2":["Succeeded"]},"metadata":{"operationMetadataId":"5a558d71-7c1c-4bbf-9a2e-d5eae461bfd9"},"type":"SetVariable","inputs":{"name":"ImageTag2","value":"@{outputs('Compose_ImageTag2')}"}},"Append_to_string_variable_EmailBody_2":{"runAfter":{"Set_variable_ImageTag2":["Succeeded"]},"metadata":{"operationMetadataId":"82d9c312-0356-445d-9613-00ef3b3eac51"},"type":"AppendToStringVariable","inputs":{"name":"EmailBody","value":"<table class=\"row row-3\" align=\"center\" width=\"100%\" border=\"0\" cellpadding=\"0\" cellspacing=\"0\" role=\"presentation\" style=\"mso-table-lspace: 0pt; mso-table-rspace: 0pt;\">\n\t\t\t\t\t\t<tbody>\n\t\t\t\t\t\t\t<tr>\n\t\t\t\t\t\t\t\t<td>\n\t\t\t\t\t\t\t\t\t<table class=\"row-content stack\" align=\"center\" border=\"0\" cellpadding=\"0\" cellspacing=\"0\" role=\"presentation\" style=\"mso-table-lspace: 0pt; mso-table-rspace: 0pt; color: #000000; width: 770px;\" width=\"770\">\n\t\t\t\t\t\t\t\t\t\t<tbody>\n\t\t\t\t\t\t\t\t\t\t\t<tr>\n\t\t\t\t\t\t\t\t\t\t\t\t<td class=\"column column-1\" width=\"25%\" style=\"mso-table-lspace: 0pt; mso-table-rspace: 0pt; font-weight: 400; text-align: left; vertical-align: top; border-top: 0px; border-right: 0px; border-bottom: 0px; border-left: 0px;\">\n\t\t\t\t\t\t\t\t\t\t\t\t\t<table class=\"image_block\" width=\"100%\" border=\"0\" cellpadding=\"0\" cellspacing=\"0\" role=\"presentation\" style=\"mso-table-lspace: 0pt; mso-table-rspace: 0pt;\">\n\t\t\t\t\t\t\t\t\t\t\t\t\t\t<tr>\n\t\t\t\t\t\t\t\t\t\t\t\t\t\t\t<td style=\"width:100%;padding-right:0px;padding-left:0px;padding-top:5px;padding-bottom:5px;\">\n\t\t\t\t\t\t\t\t\t\t\t\t\t\t\t\t<div align=\"center\" style=\"line-height:10px\">@{variables('ImageTag2')}</div>\n\t\t\t\t\t\t\t\t\t\t\t\t\t\t\t</td>\n\t\t\t\t\t\t\t\t\t\t\t\t\t\t</tr>\n\t\t\t\t\t\t\t\t\t\t\t\t\t</table>\n\t\t\t\t\t\t\t\t\t\t\t\t</td>\n\t\t\t\t\t\t\t\t\t\t\t\t<td class=\"column column-2\" width=\"75%\" style=\"mso-table-lspace: 0pt; mso-table-rspace: 0pt; font-weight: 400; text-align: left; vertical-align: top; border-top: 0px; border-right: 0px; border-bottom: 0px; border-left: 0px;\">\n\t\t\t\t\t\t\t\t\t\t\t\t\t<table class=\"paragraph_block\" width=\"100%\" border=\"0\" cellpadding=\"0\" cellspacing=\"0\" role=\"presentation\" style=\"mso-table-lspace: 0pt; mso-table-rspace: 0pt; word-break: break-word;\">\n\t\t\t\t\t\t\t\t\t\t\t\t\t\t<tr>\n\t\t\t\t\t\t\t\t\t\t\t\t\t\t\t<td style=\"padding-bottom:20px;padding-left:15px;padding-right:15px;padding-top:20px;\">\n\t\t\t\t\t\t\t\t\t\t\t\t\t\t\t\t<div style=\"color:#393d47;direction:ltr;font-family:Calibri, 'Helvetica Neue', Helvetica, sans-serif;font-size:11pt;font-weight:400;letter-spacing:0px;line-height:120%;text-align:left;\">\n\t\t\t\t\t\t\t\t\t\t\t\t\t\t\t\t\t<p style=\"margin: 0; margin-bottom: 16px;\"><strong>@{variables('Name2')}</strong></p>\n\t\t\t\t\t\t\t\t\t\t\t\t\t\t\t\t\t<p style=\"margin: 0;\">@{variables('Bio2')}</p>\n\t\t\t\t\t\t\t\t\t\t\t\t\t\t\t\t</div>\n\t\t\t\t\t\t\t\t\t\t\t\t\t\t\t</td>\n\t\t\t\t\t\t\t\t\t\t\t\t\t\t</tr>\n\t\t\t\t\t\t\t\t\t\t\t\t\t</table>\n\t\t\t\t\t\t\t\t\t\t\t\t</td>\n\t\t\t\t\t\t\t\t\t\t\t</tr>\n\t\t\t\t\t\t\t\t\t\t</tbody>\n\t\t\t\t\t\t\t\t\t</table>\n\t\t\t\t\t\t\t\t</td>\n\t\t\t\t\t\t\t</tr>\n\t\t\t\t\t\t</tbody>\n\t\t\t\t\t</table>"}},"Compose_ImageTag2":{"runAfter":{"Get_file_content_using_path_Picture2":["Succeeded"]},"metadata":{"operationMetadataId":"2c169d68-0759-4f31-b14a-38ac85be1906"},"type":"Compose","inputs":"<img src=\"data:image/jpeg;base64,@{body('Get_file_content_using_path_Picture2')['$content']}\"\n/>"}},"runAfter":{},"metadata":{"operationMetadataId":"5dab397f-1972-4527-a45a-e76efce25ea8"},"type":"Scope"}},"runAfter":{"Condition_-_2_users":["Succeeded"]},"expression":{"greater":["@variables('ObjectCount')",2]},"metadata":{"operationMetadataId":"a0d59f39-7b11-475a-aa46-a190364c6d6d"},"type":"If"},"Initialize_variable_Name0":{"runAfter":{"Initialize_variable_Object2":["Succeeded"]},"metadata":{"operationMetadataId":"19d5c3da-b55f-4909-bf98-d35e44bef607"},"type":"InitializeVariable","inputs":{"variables":[{"name":"Name0","type":"string"}]}},"Initialize_variable_Picture0":{"runAfter":{"Initialize_variable_Bio2":["Succeeded"]},"metadata":{"operationMetadataId":"469b8577-8d8c-427a-a5ca-ee6688d5c9ca"},"type":"InitializeVariable","inputs":{"variables":[{"name":"Picture0","type":"string"}]}},"Initialize_variable_ImageTag1":{"runAfter":{"Initialize_variable_ImageTag0":["Succeeded"]},"metadata":{"operationMetadataId":"494fde54-038e-4814-aa89-116019c25634"},"type":"InitializeVariable","inputs":{"variables":[{"name":"ImageTag1","type":"string"}]}},"Initialize_variable_Bio0":{"runAfter":{"Initialize_variable_Name2":["Succeeded"]},"metadata":{"operationMetadataId":"34c4ccdc-c026-4d93-ba1a-e1ad242966fb"},"type":"InitializeVariable","inputs":{"variables":[{"name":"Bio0","type":"string"}]}},"Initialize_variable_ImageTag0":{"runAfter":{"Initialize_variable_Picture2":["Succeeded"]},"metadata":{"operationMetadataId":"8fcd77c1-4422-4f58-bd27-97ba66d70d90"},"type":"InitializeVariable","inputs":{"variables":[{"name":"ImageTag0","type":"string"}]}},"Append_to_string_variable":{"runAfter":{"Condition_-_3_users":["Succeeded"]},"metadata":{"operationMetadataId":"942ba94f-6958-4560-be7e-a432e0610223"},"type":"AppendToStringVariable","inputs":{"name":"EmailBody","value":"<table class=\"row row-5\" align=\"center\" width=\"100%\" border=\"0\" cellpadding=\"0\" cellspacing=\"0\" role=\"presentation\" style=\"mso-table-lspace: 0pt; mso-table-rspace: 0pt;\">\n\t\t\t\t\t\t<tbody>\n\t\t\t\t\t\t\t<tr>\n\t\t\t\t\t\t\t\t<td>\n\t\t\t\t\t\t\t\t\t<table class=\"row-content stack\" align=\"center\" border=\"0\" cellpadding=\"0\" cellspacing=\"0\" role=\"presentation\" style=\"mso-table-lspace: 0pt; mso-table-rspace: 0pt; color: #000000; width: 770px;\" width=\"770\">\n\t\t\t\t\t\t\t\t\t\t<tbody>\n\t\t\t\t\t\t\t\t\t\t\t<tr>\n\t\t\t\t\t\t\t\t\t\t\t\t<td class=\"column column-1\" width=\"100%\" style=\"mso-table-lspace: 0pt; mso-table-rspace: 0pt; font-weight: 400; text-align: left; vertical-align: top; padding-top: 5px; padding-bottom: 5px; border-top: 0px; border-right: 0px; border-bottom: 0px; border-left: 0px;\">\n\t\t\t\t\t\t\t\t\t\t\t\t\t<table class=\"divider_block\" width=\"100%\" border=\"0\" cellpadding=\"0\" cellspacing=\"0\" role=\"presentation\" style=\"mso-table-lspace: 0pt; mso-table-rspace: 0pt;\">\n\t\t\t\t\t\t\t\t\t\t\t\t\t\t<tr>\n\t\t\t\t\t\t\t\t\t\t\t\t\t\t\t<td>\n\t\t\t\t\t\t\t\t\t\t\t\t\t\t\t\t<div align=\"center\">\n\t\t\t\t\t\t\t\t\t\t\t\t\t\t\t\t\t<table border=\"0\" cellpadding=\"0\" cellspacing=\"0\" role=\"presentation\" width=\"100%\" style=\"mso-table-lspace: 0pt; mso-table-rspace: 0pt;\">\n\t\t\t\t\t\t\t\t\t\t\t\t\t\t\t\t\t\t<tr>\n\t\t\t\t\t\t\t\t\t\t\t\t\t\t\t\t\t\t\t<td class=\"divider_inner\" style=\"font-size: 1px; line-height: 1px; border-top: 1px solid #BBBBBB;\"><span>&#8202;</span></td>\n\t\t\t\t\t\t\t\t\t\t\t\t\t\t\t\t\t\t</tr>\n\t\t\t\t\t\t\t\t\t\t\t\t\t\t\t\t\t</table>\n\t\t\t\t\t\t\t\t\t\t\t\t\t\t\t\t</div>\n\t\t\t\t\t\t\t\t\t\t\t\t\t\t\t</td>\n\t\t\t\t\t\t\t\t\t\t\t\t\t\t</tr>\n\t\t\t\t\t\t\t\t\t\t\t\t\t</table>\n\t\t\t\t\t\t\t\t\t\t\t\t\t<table class=\"paragraph_block\" width=\"100%\" border=\"0\" cellpadding=\"5\" cellspacing=\"0\" role=\"presentation\" style=\"mso-table-lspace: 0pt; mso-table-rspace: 0pt; word-break: break-word;\">\n\t\t\t\t\t\t\t\t\t\t\t\t\t\t<tr>\n\t\t\t\t\t\t\t\t\t\t\t\t\t\t\t<td>\n\t\t\t\t\t\t\t\t\t\t\t\t\t\t\t\t<div style=\"color:#393d47;direction:ltr;font-family:Calibri, Helvetica Neue, Helvetica, sans-serif;font-size:14px;font-weight:400;letter-spacing:0px;line-height:120%;text-align:left;\">\n\t\t\t\t\t\t\t\t\t\t\t\t\t\t\t\t\t<p style=\"margin: 0; margin-bottom: 0px;\"><span lang=EN-US><o:p>&nbsp;</o:p></span></p>\n\t<p style=\"margin: 0; margin-bottom: 0px;\"><img width=30 height=31 style='width:.3125in;height:.3194in' src=\"https://builders.capgemini.com/image/spade-logo.png\" align=left hspace=4 v:shapes=\"Picture_x0020_1\"><![endif]><b><span lang=FR style='font-size:10.0pt;font-family:\"Verdana\",sans-serif;color:#0070AD;mso-fareast-language:PL'>@{outputs('Get_my_profile_(V2)')?['body/givenName']} @{outputs('Get_my_profile_(V2)')?['body/surname']}</span></b><span lang=FR style='font-family:\"Verdana\",sans-serif;color:black;mso-fareast-language:PL'><o:p></o:p></span></p><p style=\"margin: 0; margin-bottom: 0px;\"><span lang=FR style='font-size:8.0pt;font-family:\"Verdana\",sans-serif;color:#0070AD;mso-fareast-language:PL'>@{variables('SignatureSenderRole')}</span><span lang=FR style='mso-fareast-language:PL'><o:p></o:p></span></p><p style=\"margin: 0; margin-bottom: 0px;\"><span lang=FR style='font-size:8.0pt;font-family:\"Arial\",sans-serif;color:black;mso-fareast-language:PL'><o:p>&nbsp;</o:p></span></p><p style=\"margin: 0; margin-bottom: 0px;\"><span lang=FR style='font-size:8.0pt;font-family:\"Arial\",sans-serif;color:black;mso-fareast-language:PL'>@{variables('SignatureAddressShort')}</span><span style='font-size:8.0pt;font-family:\"Arial\",sans-serif;color:black;mso-fareast-language:PL'><o:p></o:p></span></p><p style=\"margin: 0; margin-bottom: 0px;\"><span style='font-size:8.0pt;font-family:\"Arial\",sans-serif;color:black;mso-fareast-language:PL'>Mob.: </span><span style='font-size:8.0pt;font-family:\"Verdana\",sans-serif;color:#2B0A3D;mso-fareast-language:PL'>@{variables('SignatureMobile')}<o:p></o:p></span></p><p style=\"margin: 0; margin-bottom: 0px;\"><span lang=EN-US style='font-size:8.0pt;font-family:\"Arial\",sans-serif;color:black;mso-fareast-language:PL'><a href=\"http://www.capgemini.com/\"><span lang=PL style='color:black'>www.capgemini.com</span></a></span><span style='font-size:8.0pt;font-family:\"Arial\",sans-serif;color:black;mso-fareast-language:PL'><o:p></o:p></span></p><p style=\"margin: 0; margin-bottom: 0px;\"><span style='font-size:8.0pt;font-family:\"Arial\",sans-serif;color:black;mso-fareast-language:PL'><o:p>&nbsp;</o:p></span></p><p style=\"margin: 0; margin-bottom: 0px;\"><span lang=EN-US style='font-size:8.0pt;font-family:\"Verdana\",sans-serif;color:#2B0A3D;mso-fareast-language:PL'>@{variables('SignatureAddressFull')}<o:p></o:p></span></p><p style=\"margin: 0; margin-bottom: 0px;\"><b><span lang=EN-US style='font-size:10.0pt;font-family:\"Verdana\",sans-serif;color:#009BCC;mso-fareast-language:PL'>People matter, results count.</span></b><span lang=EN-US><o:p></o:p></span></p></div>\n\t\t\t\t\t\t\t\t\t\t\t\t\t\t\t\t</div>\n\t\t\t\t\t\t\t\t\t\t\t\t\t\t\t</td>\n\t\t\t\t\t\t\t\t\t\t\t\t\t\t</tr>\n\t\t\t\t\t\t\t\t\t\t\t\t\t</table>\n\t\t\t\t\t\t\t\t\t\t\t\t</td>\n\t\t\t\t\t\t\t\t\t\t\t</tr>\n\t\t\t\t\t\t\t\t\t\t</tbody>\n\t\t\t\t\t\t\t\t\t</table>\n\t\t\t\t\t\t\t\t</td>\n\t\t\t\t\t\t\t</tr>\n\t\t\t\t\t\t</tbody>\n\t\t\t\t\t</table>\n\t\t\t\t</td>\n\t\t\t</tr>\n\t\t</tbody>\n\t</table><!-- End -->\n</body>\n</html> "}},"Initialize_variable_Object1":{"runAfter":{"Initialize_variable_Object0":["Succeeded"]},"metadata":{"operationMetadataId":"b1ae5917-872e-4e3d-8085-6381ea0d3062"},"type":"InitializeVariable","inputs":{"variables":[{"name":"Object1","type":"object"}]},"description":"variables('Array')[1]"},"Initialize_variable_Name1":{"runAfter":{"Initialize_variable_Name0":["Succeeded"]},"metadata":{"operationMetadataId":"d12a9a18-7099-45e4-80b6-917156460b87"},"type":"InitializeVariable","inputs":{"variables":[{"name":"Name1","type":"string"}]}},"Initialize_variable_Bio1":{"runAfter":{"Initialize_variable_Bio0":["Succeeded"]},"metadata":{"operationMetadataId":"48be5713-ecda-4bd6-b83f-f6d37bbe147a"},"type":"InitializeVariable","inputs":{"variables":[{"name":"Bio1","type":"string"}]}},"Initialize_variable_Picture1":{"runAfter":{"Initialize_variable_Picture0":["Succeeded"]},"metadata":{"operationMetadataId":"a6b60034-adad-45c0-aea9-4b13ed847aee"},"type":"InitializeVariable","inputs":{"variables":[{"name":"Picture1","type":"string"}]}},"Initialize_variable_Object2":{"runAfter":{"Initialize_variable_Object1":["Succeeded"]},"metadata":{"operationMetadataId":"1fce4474-a718-4775-9d99-046d5bbea9a1"},"type":"InitializeVariable","inputs":{"variables":[{"name":"Object2","type":"object"}]},"description":"variables('Array')[2]"},"Initialize_variable_Name2":{"runAfter":{"Initialize_variable_Name1":["Succeeded"]},"metadata":{"operationMetadataId":"1899c52e-df9c-444d-b28a-546615e2f309"},"type":"InitializeVariable","inputs":{"variables":[{"name":"Name2","type":"string"}]}},"Initialize_variable_Bio2":{"runAfter":{"Initialize_variable_Bio1":["Succeeded"]},"metadata":{"operationMetadataId":"39a15522-ce5e-42df-96e2-513d4ea69e61"},"type":"InitializeVariable","inputs":{"variables":[{"name":"Bio2","type":"string"}]}},"Initialize_variable_Picture2":{"runAfter":{"Initialize_variable_Picture1":["Succeeded"]},"metadata":{"operationMetadataId":"faac96d6-ee4d-4f7a-bf6e-4d2cea2e36e0"},"type":"InitializeVariable","inputs":{"variables":[{"name":"Picture2","type":"string"}]}},"Initialize_variable_ImageTag2":{"runAfter":{"Initialize_variable_ImageTag1":["Succeeded"]},"metadata":{"operationMetadataId":"01ef3a47-67b9-40fe-960d-a63694c9ab7c"},"type":"InitializeVariable","inputs":{"variables":[{"name":"ImageTag2","type":"string"}]}},"Initialize_variable_Table":{"runAfter":{"Initialize_variable_SpreadsheetPath":["Succeeded"]},"metadata":{"operationMetadataId":"47fb6bec-c3c2-4951-a954-2aaff2bffb90"},"type":"InitializeVariable","inputs":{"variables":[{"name":"Table","type":"string"}]}},"Email_banner":{"actions":{"Set_variable_BannerPath":{"runAfter":{},"metadata":{"operationMetadataId":"032d8748-96a7-4632-a6e8-d01c1d888e7e"},"type":"SetVariable","inputs":{"name":"BannerPath","value":"/Shared Documents/General/PowerAutomate/NewJoiners/Pictures/Banner.jpg"}},"Get_file_content_using_path_Banner":{"runAfter":{"Set_variable_BannerPath":["Succeeded"]},"metadata":{"operationMetadataId":"cce3c95d-3776-4d1c-a75f-ea3a96dbd012"},"type":"OpenApiConnection","inputs":{"host":{"apiId":"/providers/Microsoft.PowerApps/apis/shared_sharepointonline","connectionName":"shared_sharepointonline","operationId":"GetFileContentByPath"},"parameters":{"dataset":"@variables('SiteAddress')","path":"@variables('BannerPath')","inferContentType":true},"authentication":{"value":"@json(decodeBase64(triggerOutputs().headers['X-MS-APIM-Tokens']))['$ConnectionKey']","type":"Raw"}}},"Compose_BannerImageTag":{"runAfter":{"Get_file_content_using_path_Banner":["Succeeded"]},"metadata":{"operationMetadataId":"56fc75ff-7be0-44de-957d-cf521c6d53dc"},"type":"Compose","inputs":"<img width=754 height=250 src=\"data:image/jpeg;base64,@{body('Get_file_content_using_path_Banner')['$content']}\" align=left hspace=12\n/>"},"Set_variable_BannerImageTag":{"runAfter":{"Compose_BannerImageTag":["Succeeded"]},"metadata":{"operationMetadataId":"0045fbfc-1191-451c-99e3-780b325f4f29"},"type":"SetVariable","inputs":{"name":"BannerImageTag","value":"@{outputs('Compose_BannerImageTag')}"}},"Append_to_string_variable_EmailBody":{"runAfter":{"Set_variable_BannerImageTag":["Succeeded"]},"metadata":{"operationMetadataId":"203c97bd-cff3-4a52-b9d0-7f96118e8dfd"},"type":"AppendToStringVariable","inputs":{"name":"EmailBody","value":"<body style=\"background-color: #FFFFFF; margin: 0; padding: 0; -webkit-text-size-adjust: none; text-size-adjust: none;\">\n\t<table class=\"nl-container\" width=\"100%\" border=\"0\" cellpadding=\"0\" cellspacing=\"0\" role=\"presentation\" style=\"mso-table-lspace: 0pt; mso-table-rspace: 0pt; background-color: #FFFFFF;\">\n\t\t<tbody>\n\t\t\t<tr>\n\t\t\t\t<td>\n\t\t\t\t\t<table class=\"row row-1\" align=\"center\" width=\"100%\" border=\"0\" cellpadding=\"0\" cellspacing=\"0\" role=\"presentation\" style=\"mso-table-lspace: 0pt; mso-table-rspace: 0pt;\">\n\t\t\t\t\t\t<tbody>\n\t\t\t\t\t\t\t<tr>\n\t\t\t\t\t\t\t\t<td>\n\t\t\t\t\t\t\t\t\t<table class=\"row-content stack\" align=\"center\" border=\"0\" cellpadding=\"0\" cellspacing=\"0\" role=\"presentation\" style=\"mso-table-lspace: 0pt; mso-table-rspace: 0pt; color: #000000; width: 770px;\" width=\"770\">\n\t\t\t\t\t\t\t\t\t\t<tbody>\n\t\t\t\t\t\t\t\t\t\t\t<tr>\n\t\t\t\t\t\t\t\t\t\t\t\t<td class=\"column column-1\" width=\"100%\" style=\"mso-table-lspace: 0pt; mso-table-rspace: 0pt; font-weight: 400; text-align: left; vertical-align: top; padding-top: 5px; padding-bottom: 5px; border-top: 0px; border-right: 0px; border-bottom: 0px; border-left: 0px;\">\n\t\t\t\t\t\t\t\t\t\t\t\t\t<table class=\"image_block\" width=\"100%\" border=\"0\" cellpadding=\"0\" cellspacing=\"0\" role=\"presentation\" style=\"mso-table-lspace: 0pt; mso-table-rspace: 0pt;\">\n\t\t\t\t\t\t\t\t\t\t\t\t\t\t<tr>\n\t\t\t\t\t\t\t\t\t\t\t\t\t\t\t<td style=\"width:100%;padding-right:0px;padding-left:0px;\">\n\t\t\t\t\t\t\t\t\t\t\t\t\t\t\t\t<div style=\"line-height:10px\">@{variables('BannerImageTag')}</div>\n\t\t\t\t\t\t\t\t\t\t\t\t\t\t\t</td>\n\t\t\t\t\t\t\t\t\t\t\t\t\t\t</tr>\n\t\t\t\t\t\t\t\t\t\t\t\t\t</table>\n\t\t\t\t\t\t\t\t\t\t\t\t</td>\n\t\t\t\t\t\t\t\t\t\t\t</tr>\n\t\t\t\t\t\t\t\t\t\t</tbody>\n\t\t\t\t\t\t\t\t\t</table>\n\t\t\t\t\t\t\t\t</td>\n\t\t\t\t\t\t\t</tr>\n\t\t\t\t\t\t</tbody>\n\t\t\t\t\t</table>\n\t\t\t\t\t<table class=\"row row-2\" align=\"center\" width=\"100%\" border=\"0\" cellpadding=\"0\" cellspacing=\"0\" role=\"presentation\" style=\"mso-table-lspace: 0pt; mso-table-rspace: 0pt;\">\n\t\t\t\t\t\t<tbody>\n\t\t\t\t\t\t\t<tr>\n\t\t\t\t\t\t\t\t<td>\n\t\t\t\t\t\t\t\t\t<table class=\"row-content stack\" align=\"center\" border=\"0\" cellpadding=\"0\" cellspacing=\"0\" role=\"presentation\" style=\"mso-table-lspace: 0pt; mso-table-rspace: 0pt; color: #000000; width: 770px;\" width=\"770\">\n\t\t\t\t\t\t\t\t\t\t<tbody>\n\t\t\t\t\t\t\t\t\t\t\t<tr>\n\t\t\t\t\t\t\t\t\t\t\t\t<td class=\"column column-1\" width=\"100%\" style=\"mso-table-lspace: 0pt; mso-table-rspace: 0pt; font-weight: 400; text-align: left; vertical-align: top; padding-top: 0px; padding-bottom: 0px; border-top: 0px; border-right: 0px; border-bottom: 0px; border-left: 0px;\">\n\t\t\t\t\t\t\t\t\t\t\t\t\t<table class=\"paragraph_block\" width=\"100%\" border=\"0\" cellpadding=\"0\" cellspacing=\"0\" role=\"presentation\" style=\"mso-table-lspace: 0pt; mso-table-rspace: 0pt; word-break: break-word;\">\n\t\t\t\t\t\t\t\t\t\t\t\t\t\t<tr>\n\t\t\t\t\t\t\t\t\t\t\t\t\t\t\t<td style=\"padding-bottom:10px;padding-right:10px;padding-top:10px;\">\n\t\t\t\t\t\t\t\t\t\t\t\t\t\t\t\t<div style=\"color:#393d47;direction:ltr;font-family:Calibri, 'Helvetica Neue', Helvetica, sans-serif;font-size:11pt;font-weight:400;letter-spacing:0px;line-height:180%;text-align:left;\">\n\t\t\t\t\t\t\t\t\t\t\t\t\t\t\t\t\t<p style=\"margin: 0; margin-bottom: 16px;\">Dear Projects & Consulting Team!</p>\n\t\t\t\t\t\t\t\t\t\t\t\t\t\t\t\t\t<p style=\"margin: 0;\">@{variables('Message')}</p>\n\t\t\t\t\t\t\t\t\t\t\t\t\t\t\t\t</div>\n\t\t\t\t\t\t\t\t\t\t\t\t\t\t\t</td>\n\t\t\t\t\t\t\t\t\t\t\t\t\t\t</tr>\n\t\t\t\t\t\t\t\t\t\t\t\t\t</table>\n\t\t\t\t\t\t\t\t\t\t\t\t</td>\n\t\t\t\t\t\t\t\t\t\t\t</tr>\n\t\t\t\t\t\t\t\t\t\t</tbody>\n\t\t\t\t\t\t\t\t\t</table>\n\t\t\t\t\t\t\t\t</td>\n\t\t\t\t\t\t\t</tr>\n\t\t\t\t\t\t</tbody>\n\t\t\t\t\t</table>"}}},"runAfter":{"Get_my_profile_(V2)":["Succeeded"]},"metadata":{"operationMetadataId":"ff3fd949-e08c-449c-927e-55695ca121dd"},"type":"Scope"},"Verify_that_all_data_is_present_in_table":{"foreach":"@body('Parse_JSON_3')","actions":{"Set_flag_if_data_is_missing_from_table":{"actions":{"Set_variable_DataMissing=true":{"runAfter":{},"metadata":{"operationMetadataId":"1fd49add-a1d7-445e-a857-a85cfedab20c"},"type":"SetVariable","inputs":{"name":"DataMissing","value":"@true"}}},"runAfter":{},"else":{"actions":{"Set_variable_DataMissing=false":{"runAfter":{},"metadata":{"operationMetadataId":"30021912-44ec-4cb4-ab92-85983937534c"},"type":"SetVariable","inputs":{"name":"DataMissing","value":"@false"}}}},"expression":{"or":[{"equals":["@empty(items('Verify_that_all_data_is_present_in_table')['Bio'])","@true"]},{"equals":["@empty(items('Verify_that_all_data_is_present_in_table')['Picture'])","@true"]}]},"metadata":{"operationMetadataId":"4f0e1f32-755d-41cd-aa65-9a7f5dc24583"},"type":"If"}},"runAfter":{"Parse_JSON_3":["Succeeded"]},"metadata":{"operationMetadataId":"7f3ac3af-64bf-41e2-aee6-0ff00d081064"},"type":"Foreach"},"Fail_flow_if_data_is_missing":{"actions":{"Send_an_email_(V2)":{"runAfter":{"Set_variable_ErrorMessage":["Succeeded"]},"metadata":{"operationMetadataId":"346fea8d-413a-4658-bbdd-e8ec82885829"},"type":"OpenApiConnection","inputs":{"host":{"apiId":"/providers/Microsoft.PowerApps/apis/shared_office365","connectionName":"shared_office365","operationId":"SendEmailV2"},"parameters":{"emailMessage/To":"@triggerOutputs()['headers']['x-ms-user-email-encoded']","emailMessage/Subject":"Your flow has failed","emailMessage/Body":"<p>@{variables('ErrorMessage')}</p>"},"authentication":{"value":"@json(decodeBase64(triggerOutputs().headers['X-MS-APIM-Tokens']))['$ConnectionKey']","type":"Raw"}}},"Terminate_2":{"runAfter":{"Send_an_email_(V2)":["Succeeded"]},"metadata":{"operationMetadataId":"b0c8c857-5110-4308-a992-192d310be873"},"type":"Terminate","inputs":{"runStatus":"Failed","runError":{"code":"500","message":"@variables('ErrorMessage')"}},"description":"Using a separate conditional, because can't nest Terminate action in a loop"},"Get_file_metadata_using_path":{"runAfter":{},"metadata":{"operationMetadataId":"dc208172-7cb9-43f5-b243-1a34d2d4f2c2"},"type":"OpenApiConnection","inputs":{"host":{"apiId":"/providers/Microsoft.PowerApps/apis/shared_sharepointonline","connectionName":"shared_sharepointonline","operationId":"GetFileMetadataByPath"},"parameters":{"dataset":"@variables('SiteAddress')","path":"@variables('SpreadsheetPath')"},"authentication":{"value":"@json(decodeBase64(triggerOutputs().headers['X-MS-APIM-Tokens']))['$ConnectionKey']","type":"Raw"}}},"Create_sharing_link_for_a_file_or_folder":{"runAfter":{"Get_file_metadata_using_path":["Succeeded"]},"metadata":{"operationMetadataId":"1c01c94e-8fbe-4420-8b3e-cd3ff67dfc1b"},"type":"OpenApiConnection","inputs":{"host":{"apiId":"/providers/Microsoft.PowerApps/apis/shared_sharepointonline","connectionName":"shared_sharepointonline","operationId":"CreateSharingLink"},"parameters":{"dataset":"@variables('SiteAddress')","table":"@variables('LibraryName')","id":"@outputs('Get_file_metadata_using_path')?['body/ItemId']","permission/type":"edit","permission/scope":"organization"},"authentication":{"value":"@json(decodeBase64(triggerOutputs().headers['X-MS-APIM-Tokens']))['$ConnectionKey']","type":"Raw"}}},"Set_variable_ErrorMessage":{"runAfter":{"Create_sharing_link_for_a_file_or_folder":["Succeeded"]},"metadata":{"operationMetadataId":"099b1408-dca7-47ac-9f45-d78c23f15c1a"},"type":"SetVariable","inputs":{"name":"ErrorMessage","value":"Data is missing from @{outputs('Create_sharing_link_for_a_file_or_folder')?['body/link/webUrl']}. Make sure all cells are filled in and run the flow again. "}}},"runAfter":{"Verify_that_all_data_is_present_in_table":["Succeeded"]},"expression":{"equals":["@variables('DataMissing')","@true"]},"metadata":{"operationMetadataId":"8139755c-b68c-41a9-bcdc-765f25a980e6"},"type":"If"},"Initialize_variable_ErrorMessage":{"runAfter":{"Initialize_variable_EmailBody":["Succeeded"]},"metadata":{"operationMetadataId":"4edd5896-445c-4eed-9fe7-27c80b45d110"},"type":"InitializeVariable","inputs":{"variables":[{"name":"ErrorMessage","type":"string"}]}},"Initialize_variable_SpreadsheetPath":{"runAfter":{"Initialize_variable_SiteAddress":["Succeeded"]},"metadata":{"operationMetadataId":"5b7c9dcc-77de-49da-b30d-fa7ac0a07636"},"type":"InitializeVariable","inputs":{"variables":[{"name":"SpreadsheetPath","type":"string","value":"/Shared Documents/General/PowerAutomate/NewJoiners/NewJoiners.xlsx"}]}},"PARAMETER_Message":{"runAfter":{"PARAMETER_EmailSubject":["Succeeded"]},"metadata":{"operationMetadataId":"bd8eb569-766e-4eb7-b5a1-a884d409ebcd"},"type":"InitializeVariable","inputs":{"variables":[{"name":"Message","type":"string","value":"I am happy to announce new members that joined  @{variables('CapabilityName')}capability this month. We wish all the best on their new career opportunities within Capgemini!"}]},"description":"Optional"},"Get_my_profile_(V2)":{"runAfter":{"Upload_pictures_to_Sharepoint":["Succeeded"]},"metadata":{"operationMetadataId":"3fbfedae-779d-448a-b57e-ad1d606957d5"},"type":"OpenApiConnection","inputs":{"host":{"apiId":"/providers/Microsoft.PowerApps/apis/shared_office365users","connectionName":"shared_office365users","operationId":"MyProfile_V2"},"parameters":{},"authentication":{"value":"@json(decodeBase64(triggerOutputs().headers['X-MS-APIM-Tokens']))['$ConnectionKey']","type":"Raw"}}},"Select":{"runAfter":{"List_rows_present_in_a_table":["Succeeded"]},"metadata":{"operationMetadataId":"9d15c7e5-6ac8-4254-bf40-d23c6e75bc8d"},"type":"Select","inputs":{"from":"@outputs('List_rows_present_in_a_table')?['body/value']","select":{"Name":"@item()?['Name']","Bio":"@item()?['Bio']","Picture":"@item()?['Picture']","DateModified":"@item()?['DateModified']"}}},"Parse_JSON_3":{"runAfter":{"Initialize_variable_Array":["Succeeded"]},"metadata":{"operationMetadataId":"c0458a5c-7535-428a-889b-80cd788d3fec"},"type":"ParseJson","inputs":{"content":"@variables('Array')","schema":{"type":"array","items":{"type":"object","properties":{"Name":{"type":"string"},"Bio":{"type":"string"},"Picture":{"type":"string"},"DateModified":{"type":"string"}},"required":["Name","Bio","Picture","DateModified"]}}}},"Delete_records_older_than_3_months":{"foreach":"@body('Parse_JSON_3')","actions":{"Subtract_from_time":{"runAfter":{},"metadata":{"operationMetadataId":"6bf6f649-3700-4eee-8505-bcb79610a34f"},"type":"Expression","kind":"SubtractFromTime","inputs":{"baseTime":"@items('Delete_records_older_than_3_months')['DateModified']","interval":3,"timeUnit":"Month"}},"Get_a_row":{"runAfter":{"Subtract_from_time":["Succeeded"]},"metadata":{"operationMetadataId":"2633223f-be29-4678-ae75-6400688e56dc","tableId":"@variables('Table')"},"type":"OpenApiConnection","inputs":{"host":{"apiId":"/providers/Microsoft.PowerApps/apis/shared_excelonlinebusiness","connectionName":"shared_excelonlinebusiness","operationId":"GetItem"},"parameters":{"source":"@variables('Location')","drive":"@variables('DocumentLibrary')","file":"@variables('File')","table":"@variables('Table')","idColumn":"DateModified","id":"@body('Subtract_from_time')"},"authentication":{"value":"@json(decodeBase64(triggerOutputs().headers['X-MS-APIM-Tokens']))['$ConnectionKey']","type":"Raw"}}},"Compose_4":{"runAfter":{"Get_a_row":["Succeeded","Failed"]},"metadata":{"operationMetadataId":"9c2d5a6a-7f5b-4a70-bfd5-69a7874decf2"},"type":"Compose","inputs":"@outputs('Get_a_row')['statusCode']"},"Condition_2":{"actions":{},"runAfter":{"Compose_4":["Succeeded"]},"else":{"actions":{"Delete_a_row":{"runAfter":{},"metadata":{"operationMetadataId":"2a32b295-b994-4919-83cc-b115de96a67f","tableId":"@variables('Table')"},"type":"OpenApiConnection","inputs":{"host":{"apiId":"/providers/Microsoft.PowerApps/apis/shared_excelonlinebusiness","connectionName":"shared_excelonlinebusiness","operationId":"DeleteItem"},"parameters":{"source":"@variables('Location')","drive":"@variables('DocumentLibrary')","file":"@variables('File')","table":"@variables('Table')","idColumn":"DateModified","id":"@body('Subtract_from_time')"},"authentication":{"value":"@json(decodeBase64(triggerOutputs().headers['X-MS-APIM-Tokens']))['$ConnectionKey']","type":"Raw"}}}}},"expression":{"equals":["@outputs('Compose_4')",404]},"metadata":{"operationMetadataId":"ef2353ea-fc10-4a4d-8e6c-21b0b9745dff"},"type":"If"}},"runAfter":{"Send_an_email_(V2)_2":["Succeeded"]},"metadata":{"operationMetadataId":"34900527-8f54-4741-965b-d6458d994d2c"},"type":"Foreach"},"Upload_pictures_to_Sharepoint":{"actions":{"Find_files_in_folder_by_path":{"runAfter":{},"metadata":{"operationMetadataId":"92a15dbc-524e-4d12-9265-ce3f63bf4f9c"},"type":"OpenApiConnection","inputs":{"host":{"apiId":"/providers/Microsoft.PowerApps/apis/shared_onedriveforbusiness","connectionName":"shared_onedriveforbusiness","operationId":"FindFilesByPath"},"parameters":{"query":"_DPI96\\.jpg","path":"@variables('WorkingDir')","findMode":"Pattern","maxFileCount":10},"authentication":{"value":"@json(decodeBase64(triggerOutputs().headers['X-MS-APIM-Tokens']))['$ConnectionKey']","type":"Raw"}}},"Apply_to_each":{"foreach":"@body('Find_files_in_folder_by_path')","actions":{"Check_if_image_is_on_Sharepoint":{"runAfter":{"Set_variable_FileName":["Succeeded"]},"metadata":{"operationMetadataId":"c809c3ca-2e5f-4b01-8ed7-6baadaec8b3d"},"type":"OpenApiConnection","inputs":{"host":{"apiId":"/providers/Microsoft.PowerApps/apis/shared_sharepointonline","connectionName":"shared_sharepointonline","operationId":"GetFileMetadataByPath"},"parameters":{"dataset":"@variables('SiteAddress')","path":"/Shared Documents/General/PowerAutomate/NewJoiners/Pictures/@{variables('FileName')}"},"authentication":{"value":"@json(decodeBase64(triggerOutputs().headers['X-MS-APIM-Tokens']))['$ConnectionKey']","type":"Raw"}},"description":"Change the \"Site Address\" pproperty to your Teams team name"},"Compose_StatusCode":{"runAfter":{"Check_if_image_is_on_Sharepoint":["Succeeded","Failed"]},"metadata":{"operationMetadataId":"0998f9ea-7e00-42d6-a967-f83bc54ac2b2"},"type":"Compose","inputs":"@outputs('Check_if_image_is_on_Sharepoint')['statusCode']"},"Delete_image_from_Sharepoint_if_present":{"actions":{},"runAfter":{"Compose_StatusCode":["Succeeded"]},"else":{"actions":{"Delete_image_if_exists":{"runAfter":{},"metadata":{"operationMetadataId":"276af72e-9a2d-483b-a186-7414ff681613"},"type":"OpenApiConnection","inputs":{"host":{"apiId":"/providers/Microsoft.PowerApps/apis/shared_sharepointonline","connectionName":"shared_sharepointonline","operationId":"DeleteFile"},"parameters":{"dataset":"@variables('SiteAddress')","id":"@outputs('Check_if_image_is_on_Sharepoint')?['body/Id']"},"authentication":{"value":"@json(decodeBase64(triggerOutputs().headers['X-MS-APIM-Tokens']))['$ConnectionKey']","type":"Raw"}}}}},"expression":{"equals":["@outputs('Compose_StatusCode')",404]},"metadata":{"operationMetadataId":"c6597d44-cf2c-4e88-bfb2-340f804b0c99"},"type":"If"},"Get_file_content":{"runAfter":{"Delete_image_from_Sharepoint_if_present":["Succeeded"]},"metadata":{"operationMetadataId":"0fd3a1bd-4c26-4658-8d25-af2b3b1e62cc"},"type":"OpenApiConnection","inputs":{"host":{"apiId":"/providers/Microsoft.PowerApps/apis/shared_onedriveforbusiness","connectionName":"shared_onedriveforbusiness","operationId":"GetFileContent"},"parameters":{"id":"@items('Apply_to_each')?['Id']","inferContentType":true},"authentication":{"value":"@json(decodeBase64(triggerOutputs().headers['X-MS-APIM-Tokens']))['$ConnectionKey']","type":"Raw"}}},"Create_image_file_on_Sharepoint":{"runAfter":{"Resize_an_Image":["Succeeded"]},"metadata":{"operationMetadataId":"4a26f671-bfdd-4b3a-8d3f-e263e167ddcc"},"type":"OpenApiConnection","inputs":{"host":{"apiId":"/providers/Microsoft.PowerApps/apis/shared_sharepointonline","connectionName":"shared_sharepointonline","operationId":"CreateFile"},"parameters":{"dataset":"@variables('SiteAddress')","folderPath":"@variables('SharePointDir')","name":"@variables('FileName')","body":"@outputs('Resize_an_Image')?['body/FileContent']"},"authentication":{"value":"@json(decodeBase64(triggerOutputs().headers['X-MS-APIM-Tokens']))['$ConnectionKey']","type":"Raw"}},"runtimeConfiguration":{"contentTransfer":{"transferMode":"Chunked"}}},"Get_a_row_2":{"runAfter":{"Create_image_file_on_Sharepoint":["Succeeded"]},"metadata":{"01QFLYJ4HV2R64ZEO2A5DYGU6OX7YJOTEB":"/General/PowerAutomate/NewJoiners/NewJoiners.xlsx","operationMetadataId":"042a8f3e-2e2c-418e-9dac-3d8ef43b8039","tableId":"@variables('Table')"},"type":"OpenApiConnection","inputs":{"host":{"apiId":"/providers/Microsoft.PowerApps/apis/shared_excelonlinebusiness","connectionName":"shared_excelonlinebusiness","operationId":"GetItem"},"parameters":{"source":"@variables('Location')","drive":"@variables('DocumentLibrary')","file":"@variables('File')","table":"@variables('Table')","idColumn":"@variables('KeyColumn')","id":"@variables('Name')"},"authentication":{"value":"@json(decodeBase64(triggerOutputs().headers['X-MS-APIM-Tokens']))['$ConnectionKey']","type":"Raw"}}},"Compose_StatusCode2":{"runAfter":{"Get_a_row_2":["Succeeded","Failed"]},"metadata":{"operationMetadataId":"4112f1c6-54c0-4036-9fde-f470063af1c4"},"type":"Compose","inputs":"@outputs('Get_a_row_2')['statusCode']"},"Condition":{"actions":{"Add_a_row_into_a_table_2":{"runAfter":{},"metadata":{"operationMetadataId":"cb03198e-a779-4cb5-8bc0-2b894a65b668","tableId":"@variables('Table')"},"type":"OpenApiConnection","inputs":{"host":{"apiId":"/providers/Microsoft.PowerApps/apis/shared_excelonlinebusiness","connectionName":"shared_excelonlinebusiness","operationId":"AddRowV2"},"parameters":{"source":"@variables('Location')","drive":"@variables('DocumentLibrary')","file":"@variables('File')","table":"@variables('Table')","item":{"Name":"@variables('Name')","Picture":"@{variables('SharePointDir')}/@{variables('FileName')}"}},"authentication":{"value":"@json(decodeBase64(triggerOutputs().headers['X-MS-APIM-Tokens']))['$ConnectionKey']","type":"Raw"}}}},"runAfter":{"Compose_StatusCode2":["Succeeded"]},"else":{"actions":{"Update_a_row_2":{"runAfter":{},"metadata":{"operationMetadataId":"e7ed020c-4dd8-4e89-b2b0-7b01185b7bc1","tableId":"@variables('Table')"},"type":"OpenApiConnection","inputs":{"host":{"apiId":"/providers/Microsoft.PowerApps/apis/shared_excelonlinebusiness","connectionName":"shared_excelonlinebusiness","operationId":"PatchItem"},"parameters":{"source":"@variables('Location')","drive":"@variables('DocumentLibrary')","file":"@variables('File')","table":"@variables('Table')","idColumn":"@variables('KeyColumn')","id":"@variables('Name')","item":{"Picture":"@{variables('SharePointDir')}/@{variables('FileName')}"}},"authentication":{"value":"@json(decodeBase64(triggerOutputs().headers['X-MS-APIM-Tokens']))['$ConnectionKey']","type":"Raw"}}}}},"expression":{"equals":["@outputs('Compose_StatusCode2')",404]},"metadata":{"operationMetadataId":"d0fa5e82-d1d7-4bd8-a080-33396d04b2ee"},"type":"If"},"Compose_Name":{"runAfter":{},"metadata":{"operationMetadataId":"297fb4ac-9c99-40bf-8fa9-48c0ca4be117"},"type":"Compose","inputs":"@first(split(items('Apply_to_each')?['Name'],'_'))"},"Set_variable_Name":{"runAfter":{"Compose_Name":["Succeeded"]},"metadata":{"operationMetadataId":"fc516de9-d410-42b4-a51d-8a51ad3b88dc"},"type":"SetVariable","inputs":{"name":"Name","value":"@{outputs('Compose_Name')}"}},"Set_variable_FileName":{"runAfter":{"Set_variable_Name":["Succeeded"]},"metadata":{"operationMetadataId":"040921a3-c2cb-4510-ac1e-1c810ae0df2d"},"type":"SetVariable","inputs":{"name":"FileName","value":"@{concat(variables('Name'), '.jpg')}"}},"Resize_an_Image":{"runAfter":{"Get_file_content":["Succeeded"]},"metadata":{"operationMetadataId":"df706b77-240c-4c49-949d-366f0e2da57c"},"type":"OpenApiConnection","inputs":{"host":{"apiId":"/providers/Microsoft.PowerApps/apis/shared_encodiandocumentmanager","connectionName":"shared_encodiandocumentmanager_1","operationId":"ResizeImage"},"parameters":{"operation/FileName":"@item()?['Name']","operation/FileContent":"@body('Get_file_content')","operation/ImageResizeType":"Specific","operation/ImageWidth":"@variables('ImageWidth')","operation/MaintainAspectRatio":true},"authentication":{"value":"@json(decodeBase64(triggerOutputs().headers['X-MS-APIM-Tokens']))['$ConnectionKey']","type":"Raw"}}}},"runAfter":{"Find_files_in_folder_by_path":["Succeeded"]},"metadata":{"operationMetadataId":"010074a8-c0e8-42c9-92ad-320def970283"},"type":"Foreach"}},"runAfter":{"Set_Excel_variables":["Succeeded"]},"metadata":{"operationMetadataId":"274b7b52-4829-4059-9ffd-0e09ecf82342"},"type":"Scope"},"Initialize_variable_WorkingDir":{"runAfter":{"Initialize_variable_Table":["Succeeded"]},"metadata":{"operationMetadataId":"96452b0b-3910-4173-8b61-592aab4169d7"},"type":"InitializeVariable","inputs":{"variables":[{"name":"WorkingDir","type":"string","value":"/Documents/PowerAutomate/NewJoiners"}]}},"Set_Excel_variables":{"actions":{"Set_variable_SiteAddress_":{"runAfter":{},"metadata":{"operationMetadataId":"3c5fbd84-06fa-4fc6-a121-3f8d7fcfaf5f"},"type":"SetVariable","inputs":{"name":"SiteAddress","value":"@{concat('https://capgemini.sharepoint.com/sites/', variables('teamName'))}"}},"Set_variable":{"runAfter":{"Set_variable_SiteAddress_":["Succeeded"]},"metadata":{"operationMetadataId":"c21511ab-b0df-48b1-9ba0-824e35c66223"},"type":"SetVariable","inputs":{"name":"File","value":"/General/PowerAutomate/NewJoiners/NewJoiners.xlsx"}},"Set_variable_Table":{"runAfter":{"Set_variable":["Succeeded"]},"metadata":{"operationMetadataId":"808f677b-5ece-41c0-a63d-71178b73dd65"},"type":"SetVariable","inputs":{"name":"Table","value":"Table1"}},"Send_an_HTTP_request_to_SharePoint":{"runAfter":{"Set_variable_Table":["Succeeded"]},"metadata":{"operationMetadataId":"79808592-a6e1-4178-9d92-d3014f1f756d"},"type":"OpenApiConnection","inputs":{"host":{"apiId":"/providers/Microsoft.PowerApps/apis/shared_sharepointonline","connectionName":"shared_sharepointonline","operationId":"HttpRequest"},"parameters":{"dataset":"@variables('SiteAddress')","parameters/method":"GET","parameters/uri":"_api/v2.0/drives","parameters/headers":{"accept":"application/json"}},"authentication":{"value":"@json(decodeBase64(triggerOutputs().headers['X-MS-APIM-Tokens']))['$ConnectionKey']","type":"Raw"}}},"Parse_JSON":{"runAfter":{"Send_an_HTTP_request_to_SharePoint":["Succeeded"]},"metadata":{"operationMetadataId":"67902689-ba45-4abe-9cca-4091d2d81dd1"},"type":"ParseJson","inputs":{"content":"@body('Send_an_HTTP_request_to_SharePoint')","schema":{"type":"object","properties":{"@@odata.context":{"type":"string"},"value":{"type":"array","items":{"type":"object","properties":{"createdBy":{"type":"object","properties":{"user":{"type":"object","properties":{"displayName":{"type":"string"}}}}},"createdDateTime":{"type":"string"},"description":{"type":"string"},"id":{"type":"string"},"lastModifiedBy":{"type":"object","properties":{"user":{"type":"object","properties":{"displayName":{"type":"string"}}}}},"lastModifiedDateTime":{"type":"string"},"name":{"type":"string"},"webUrl":{"type":"string"},"driveType":{"type":"string"},"owner":{"type":"object","properties":{"group":{"type":"object","properties":{"email":{"type":"string"},"id":{"type":"string"},"displayName":{"type":"string"}}}}},"quota":{"type":"object","properties":{"deleted":{"type":"integer"},"fileCount":{"type":"integer"},"remaining":{"type":"integer"},"state":{"type":"string"},"total":{"type":"integer"},"used":{"type":"integer"}}}},"required":["createdBy","createdDateTime","description","id","lastModifiedBy","lastModifiedDateTime","name","webUrl","driveType","owner","quota"]}}}}}},"Filter_array":{"runAfter":{"Parse_JSON":["Succeeded"]},"metadata":{"operationMetadataId":"d5ca219d-2a23-4543-ad6e-c4edd2ebe8fc"},"type":"Query","inputs":{"from":"@body('Parse_JSON')?['value']","where":"@equals(item()['name'], 'Documents')"}},"Compose_2":{"runAfter":{"Filter_array":["Succeeded"]},"metadata":{"operationMetadataId":"421d68ef-8677-4652-829a-43801937d787"},"type":"Compose","inputs":"@body('Filter_array')[0]['id']"},"Set_variable_DocumentLibrary":{"runAfter":{"Compose_2":["Succeeded"]},"metadata":{"operationMetadataId":"3c5d9f22-dbf3-4e33-b6a1-5a8fcf73dbfc"},"type":"SetVariable","inputs":{"name":"DocumentLibrary","value":"@{outputs('Compose_2')}"}},"List_groups_that_I_own_and_belong_to":{"runAfter":{"Set_variable_DocumentLibrary":["Succeeded"]},"metadata":{"operationMetadataId":"5ed72494-7bdc-4c63-b40f-de67a9bbdbe4"},"type":"OpenApiConnection","inputs":{"host":{"apiId":"/providers/Microsoft.PowerApps/apis/shared_office365groups","connectionName":"shared_office365groups","operationId":"ListOwnedGroups_V3"},"parameters":{},"authentication":{"value":"@json(decodeBase64(triggerOutputs().headers['X-MS-APIM-Tokens']))['$ConnectionKey']","type":"Raw"}}},"Parse_JSON_2":{"runAfter":{"List_groups_that_I_own_and_belong_to":["Succeeded"]},"metadata":{"operationMetadataId":"f1a8fb1e-6029-414f-81f2-dfd333836856"},"type":"ParseJson","inputs":{"content":"@outputs('List_groups_that_I_own_and_belong_to')?['body/value']","schema":{"type":"array","items":{"type":"object","properties":{"id":{"type":"string"},"createdDateTime":{"type":"string"},"creationOptions":{"type":"array","items":{"type":"string"}},"description":{"type":"string"},"displayName":{"type":"string"},"expirationDateTime":{"type":"string"},"groupTypes":{"type":"array","items":{"type":"string"}},"mail":{"type":"string"},"mailEnabled":{"type":"boolean"},"mailNickname":{"type":"string"},"proxyAddresses":{"type":"array","items":{"type":"string"}},"renewedDateTime":{"type":"string"},"resourceBehaviorOptions":{"type":"array"},"resourceProvisioningOptions":{"type":"array","items":{"type":"string"}},"securityEnabled":{"type":"boolean"},"securityIdentifier":{"type":"string"},"visibility":{"type":"string"},"onPremisesProvisioningErrors":{"type":"array"}},"required":["id","createdDateTime","creationOptions","description","displayName","expirationDateTime","groupTypes","mail","mailEnabled","mailNickname","proxyAddresses","renewedDateTime","resourceBehaviorOptions","resourceProvisioningOptions","securityEnabled","securityIdentifier","visibility","onPremisesProvisioningErrors"]}}}},"Filter_array_2":{"runAfter":{"Parse_JSON_2":["Succeeded"]},"metadata":{"operationMetadataId":"3440f924-4b8d-4915-accb-fe834b357aac"},"type":"Query","inputs":{"from":"@body('Parse_JSON_2')","where":"@equals(item()['displayName'], variables('TeamName'))"}},"Compose_3":{"runAfter":{"Filter_array_2":["Succeeded"]},"metadata":{"operationMetadataId":"c5778f66-6293-421a-9dbb-cb2d4e208307"},"type":"Compose","inputs":"@body('Filter_array_2')[0]['id']"},"Set_variable_Location":{"runAfter":{"Compose_3":["Succeeded"]},"metadata":{"operationMetadataId":"f3db2e50-2e13-472a-81e2-7dc934b7499e"},"type":"SetVariable","inputs":{"name":"Location","value":"@{outputs('Compose_3')}"}}},"runAfter":{"Initialize_variable_WorkingDir":["Succeeded"]},"metadata":{"operationMetadataId":"0957bbea-8f7d-4c3c-a994-051f49fc41b1"},"type":"Scope"},"PARAMETER_EmailSubject":{"runAfter":{"PARAMETER_SignatureMobile":["Succeeded"]},"metadata":{"operationMetadataId":"a2a30e1f-5897-40cf-9ac3-a59c314dd786"},"type":"InitializeVariable","inputs":{"variables":[{"name":"EmailSubject","type":"string","value":"New People at @{variables('CapabilityName')}"}]},"description":"Optional. Defaults to \"New People at [CapabilityName]\""},"PARAMETER_Recipient":{"runAfter":{},"metadata":{"operationMetadataId":"443b522f-b51d-4fe0-9479-806fb28af274"},"type":"InitializeVariable","inputs":{"variables":[{"name":"Recipient","type":"string","value":"tomasz.stepien@capgemini.com"}]},"description":"Mandatory"},"PARAMETER_TeamName":{"runAfter":{"PARAMETER_Recipient":["Succeeded"]},"metadata":{"operationMetadataId":"69c6bab2-98dc-469f-97e1-2f6dff31770a"},"type":"InitializeVariable","inputs":{"variables":[{"name":"TeamName","type":"string","value":"TStepien_Test"}]},"description":"Mandatory. The name of the team on Teams."},"PARAMETER_CapabilityName":{"runAfter":{"PARAMETER_TeamName":["Succeeded"]},"metadata":{"operationMetadataId":"903a6c06-44d1-406c-801a-7183ad79e64a"},"type":"InitializeVariable","inputs":{"variables":[{"name":"CapabilityName","type":"string","value":"Cloud&EUS Engineers"}]},"description":"Mandatory. The name of the \"capability\" to be used in the email, e. g. Cloud&EUS Engineers "},"PARAMETER_SignatureSenderRole":{"runAfter":{"PARAMETER_CapabilityName":["Succeeded"]},"metadata":{"operationMetadataId":"b2400c17-40b4-44c0-8deb-ebebf1c9989c"},"type":"InitializeVariable","inputs":{"variables":[{"name":"SignatureSenderRole","type":"string","value":"Capability Manager | P&C Cloud & EUS Engineering | EE Cloud & Edge GDC | CIS"}]},"description":"Mandatory. E. g. Capability Manager | P&C Cloud & EUS Engineering | EE Cloud & Edge GDC | CIS"},"PARAMETER_SignatureAddressShort":{"runAfter":{"PARAMETER_SignatureSenderRole":["Succeeded"]},"metadata":{"operationMetadataId":"15b37b76-e4c3-47b7-87d2-949119312300"},"type":"InitializeVariable","inputs":{"variables":[{"name":"SignatureAddressShort","type":"string","value":"Capgemini Poland | Katowice"}]},"description":"Mandatory. E. g. Capgemini Poland | Katowice"},"PARAMETER_SignatureAddressFull":{"runAfter":{"PARAMETER_SignatureAddressShort":["Succeeded"]},"metadata":{"operationMetadataId":"6f187840-f692-4b07-b874-13ad19c88606"},"type":"InitializeVariable","inputs":{"variables":[{"name":"SignatureAddressFull","type":"string","value":"Capgemini Poland | ul. Żelazna 4, Katowice"}]},"description":"Mandatory. E. g. Capgemini Poland | ul. Żelazna 4, Katowice"},"PARAMETER_SignatureMobile":{"runAfter":{"PARAMETER_SignatureAddressFull":["Succeeded"]},"metadata":{"operationMetadataId":"b71572ac-d6d3-41ce-8f40-806175e8c872"},"type":"InitializeVariable","inputs":{"variables":[{"name":"SignatureMobile","type":"string","value":"+48 666 05 99 88"}]},"description":"Mandatory. E. g. +48 513 538 597"},"Initialize_variable_DataMissing":{"runAfter":{"Initialize_variable_DocumentLibrary":["Succeeded"]},"metadata":{"operationMetadataId":"aa07d3a4-48a7-42e5-9c18-c0829c2b9e29"},"type":"InitializeVariable","inputs":{"variables":[{"name":"DataMissing","type":"boolean"}]}},"Initialize_variable_ImageWidth":{"runAfter":{"Initialize_variable_FileName":["Succeeded"]},"metadata":{"operationMetadataId":"9e05a534-9047-43ea-aaae-a60c770b7d7e"},"type":"InitializeVariable","inputs":{"variables":[{"name":"ImageWidth","type":"string","value":"193"}]}},"Initialize_variable_LibraryName":{"runAfter":{"Initialize_variable_KeyColumn":["Succeeded"]},"metadata":{"operationMetadataId":"8051c8ae-0d36-4a3a-8f61-55153274a6ea"},"type":"InitializeVariable","inputs":{"variables":[{"name":"LibraryName","type":"string","value":"Documents"}]}},"Initialize_variable_BannerImageTag":{"runAfter":{"PARAMETER_Message":["Succeeded"]},"metadata":{"operationMetadataId":"ea93196f-a7e3-402c-8c01-e1932e3edb73"},"type":"InitializeVariable","inputs":{"variables":[{"name":"BannerImageTag","type":"string"}]}},"Initialize_variable_BannerPath":{"runAfter":{"Initialize_variable_BannerImageTag":["Succeeded"]},"metadata":{"operationMetadataId":"dd75d841-bf0e-4781-9771-83c13f652297"},"type":"InitializeVariable","inputs":{"variables":[{"name":"BannerPath","type":"string"}]}},"Initialize_variable_SiteAddress":{"runAfter":{"Initialize_variable_SharePointDir":["Succeeded"]},"metadata":{"operationMetadataId":"8dc84ba9-503c-48fc-b608-4e5da803ef1d"},"type":"InitializeVariable","inputs":{"variables":[{"name":"SiteAddress","type":"string"}]}},"Initialize_variable_Location":{"runAfter":{"Initialize_variable_LibraryName":["Succeeded"]},"metadata":{"operationMetadataId":"40e83af9-7faa-4e20-a6b7-977328330b6a"},"type":"InitializeVariable","inputs":{"variables":[{"name":"Location","type":"string"}]}},"Initialize_variable_DocumentLibrary":{"runAfter":{"Initialize_variable_BannerPath":["Succeeded"]},"metadata":{"operationMetadataId":"65ec437c-df8b-464b-af7a-be4e8b14cf06"},"type":"InitializeVariable","inputs":{"variables":[{"name":"DocumentLibrary","type":"string"}]}},"Initialize_variable_File":{"runAfter":{"Initialize_variable_ErrorMessage":["Succeeded"]},"metadata":{"operationMetadataId":"eb6a579b-d0d7-4bf8-8aa7-2661f5f168b9"},"type":"InitializeVariable","inputs":{"variables":[{"name":"File","type":"string"}]}},"Initialize_variable_SharePointDir":{"runAfter":{"Initialize_variable_Name":["Succeeded"]},"metadata":{"operationMetadataId":"721d3a73-bfa9-4945-9717-5d04235e7794"},"type":"InitializeVariable","inputs":{"variables":[{"name":"SharePointDir","type":"string","value":"/Shared Documents/General/PowerAutomate/NewJoiners/Pictures"}]}},"Initialize_variable_KeyColumn":{"runAfter":{"Initialize_variable_ImageWidth":["Succeeded"]},"metadata":{"operationMetadataId":"79bd8a43-b617-4f34-85e8-80345a35d920"},"type":"InitializeVariable","inputs":{"variables":[{"name":"KeyColumn","type":"string","value":"Name"}]}},"Initialize_variable_Name":{"runAfter":{"Initialize_variable_Location":["Succeeded"]},"metadata":{"operationMetadataId":"20d88e58-775d-47d8-a7e6-1102ebbad0fa"},"type":"InitializeVariable","inputs":{"variables":[{"name":"Name","type":"string"}]}},"Initialize_variable_FileName":{"runAfter":{"Initialize_variable_File":["Succeeded"]},"metadata":{"operationMetadataId":"f0764219-24a3-4539-a895-bc4db08b238f"},"type":"InitializeVariable","inputs":{"variables":[{"name":"FileName","type":"string"}]}},"Initialize_variable_EmailBody":{"runAfter":{"Initialize_variable_DataMissing":["Succeeded"]},"metadata":{"operationMetadataId":"87d2f847-a513-411e-87f7-8c0013439607"},"type":"InitializeVariable","inputs":{"variables":[{"name":"EmailBody","type":"string","value":"<!DOCTYPE html>\n<html xmlns:v=\"urn:schemas-microsoft-com:vml\" xmlns:o=\"urn:schemas-microsoft-com:office:office\" lang=\"en\">\n\n<head>\n\t<title></title>\n\t<meta http-equiv=\"Content-Type\" content=\"text/html; charset=utf-8\">\n\t<meta name=\"viewport\" content=\"width=device-width, initial-scale=1.0\">\n\t<!--[if mso]><xml><o:OfficeDocumentSettings><o:PixelsPerInch>96</o:PixelsPerInch><o:AllowPNG/></o:OfficeDocumentSettings></xml><![endif]-->\n\t<style>\n\t\t* {\n\t\t\tbox-sizing: border-box;\n\t\t}\n\n\t\tbody {\n\t\t\tmargin: 0;\n\t\t\tpadding: 0;\n\t\t}\n\n\t\ta[x-apple-data-detectors] {\n\t\t\tcolor: inherit !important;\n\t\t\ttext-decoration: inherit !important;\n\t\t}\n\n\t\t#MessageViewBody a {\n\t\t\tcolor: inherit;\n\t\t\ttext-decoration: none;\n\t\t}\n\n\t\tp {\n\t\t\tline-height: inherit\n\t\t}\n\n\t\t@media (max-width:790px) {\n\t\t\t.row-content {\n\t\t\t\twidth: 100% !important;\n\t\t\t}\n\n\t\t\t.image_block img.big {\n\t\t\t\twidth: auto !important;\n\t\t\t}\n\n\t\t\t.column .border {\n\t\t\t\tdisplay: none;\n\t\t\t}\n\n\t\t\ttable {\n\t\t\t\ttable-layout: fixed !important;\n\t\t\t}\n\n\t\t\t.stack .column {\n\t\t\t\twidth: 100%;\n\t\t\t\tdisplay: block;\n\t\t\t}\n\t\t}\n\t</style>"}]}}}},"connectionReferences":{"shared_excelonlinebusiness":{"connectionName":"shared-excelonlinebu-2b456485-25eb-4203-8e50-aca1-b005637a","source":"Invoker","id":"/providers/Microsoft.PowerApps/apis/shared_excelonlinebusiness","tier":"NotSpecified"},"shared_office365":{"connectionName":"shared-office365-a324684d-6402-4b61-b8bb-4d5e11398440","source":"Invoker","id":"/providers/Microsoft.PowerApps/apis/shared_office365","tier":"NotSpecified"},"shared_sharepointonline":{"connectionName":"141cc76686534b7bb4494aa210396867","source":"Invoker","id":"/providers/Microsoft.PowerApps/apis/shared_sharepointonline","tier":"NotSpecified"},"shared_office365users":{"connectionName":"shared-office365user-d5d43353-367b-40a8-b0f6-6267cdee4cab","source":"Invoker","id":"/providers/Microsoft.PowerApps/apis/shared_office365users","tier":"NotSpecified"},"shared_onedriveforbusiness":{"connectionName":"shared-onedriveforbu-cf44cb77-affd-42d7-b13a-bcb9-69dffadb","source":"Invoker","id":"/providers/Microsoft.PowerApps/apis/shared_onedriveforbusiness","tier":"NotSpecified"},"shared_encodiandocumentmanager_1":{"connectionName":"shared-encodiandocum-95ed6589-e559-4760-acf7-9b2bb35ad41e","source":"Invoker","id":"/providers/Microsoft.PowerApps/apis/shared_encodiandocumentmanager","tier":"NotSpecified"},"shared_office365groups":{"connectionName":"shared-office365grou-623ca867-f9f9-42b8-8640-c54cdac0ba09","source":"Invoker","id":"/providers/Microsoft.PowerApps/apis/shared_office365groups","tier":"NotSpecified"}},"flowFailureAlertSubscribed":false,"isManaged":false}}