{"name":"98f2be3c-be2d-4fc4-a5fe-2b120ace6dcf","id":"/providers/Microsoft.Flow/flows/98f2be3c-be2d-4fc4-a5fe-2b120ace6dcf","type":"Microsoft.Flow/flows","properties":{"apiId":"/providers/Microsoft.PowerApps/apis/shared_logicflows","displayName":"Process profile picture","definition":{"metadata":{"workflowEntityId":null,"processAdvisorMetadata":null,"flowclientsuspensionreason":"None","flowclientsuspensiontime":null,"creator":{"id":"26728ece-e923-4602-86f0-05ac6a9f7671","type":"User","tenantId":"76a2ae5a-9f00-4f6b-95ed-5d33d77c4d61"},"provisioningMethod":"FromDefinition","failureAlertSubscription":true,"clientLastModifiedTime":"2022-05-27T10:23:53.2142287Z","flowclientsuspensionreasondetails":null},"$schema":"https://schema.management.azure.com/providers/Microsoft.Logic/schemas/2016-06-01/workflowdefinition.json#","contentVersion":"1.0.0.0","parameters":{"$connections":{"defaultValue":{},"type":"Object"},"$authentication":{"defaultValue":{},"type":"SecureObject"}},"triggers":{"When_a_new_email_arrives_(V3)":{"splitOn":"@triggerOutputs()?['body/value']","metadata":{"operationMetadataId":"4088b505-5b9a-4c8d-9a16-5a8d1726fc89"},"type":"OpenApiConnectionNotification","inputs":{"host":{"apiId":"/providers/Microsoft.PowerApps/apis/shared_office365","connectionName":"shared_office365","operationId":"OnNewEmailV3"},"parameters":{"folderPath":"Inbox","includeAttachments":true,"subjectFilter":"Profile picture","importance":"Any","fetchOnlyWithAttachment":true},"authentication":"@parameters('$authentication')"}}},"actions":{"Initialize_variable_WorkingDir":{"runAfter":{"PARAMETER_TeamName":["Succeeded"]},"metadata":{"operationMetadataId":"96452b0b-3910-4173-8b61-592aab4169d7"},"type":"InitializeVariable","inputs":{"variables":[{"name":"WorkingDir","type":"string","value":"/Documents/PowerAutomate/NewJoiners"}]}},"Initialize_variable_SharePointDir":{"runAfter":{"Initialize_variable_NewJoinersExcel":["Succeeded"]},"metadata":{"operationMetadataId":"721d3a73-bfa9-4945-9717-5d04235e7794"},"type":"InitializeVariable","inputs":{"variables":[{"name":"SharePointDir","type":"string","value":"/Shared Documents/General/PowerAutomate/NewJoiners/Pictures"}]}},"Initialize_variable_Name":{"runAfter":{"Initialize_variable_SharePointDir":["Succeeded"]},"metadata":{"operationMetadataId":"20d88e58-775d-47d8-a7e6-1102ebbad0fa"},"type":"InitializeVariable","inputs":{"variables":[{"name":"Name","type":"string"}]}},"Initialize_variable_FileName":{"runAfter":{"Initialize_variable_NameWithSpace":["Succeeded"]},"metadata":{"operationMetadataId":"f0764219-24a3-4539-a895-bc4db08b238f"},"type":"InitializeVariable","inputs":{"variables":[{"name":"FileName","type":"string"}]}},"Initialize_variable_NewJoinersExcel":{"runAfter":{"Set_Excel_variables":["Succeeded"]},"metadata":{"operationMetadataId":"41060301-877b-422a-b599-05013a158116"},"type":"InitializeVariable","inputs":{"variables":[{"name":"NewJoinersExcel","type":"string","value":"NewJoiners.xslsx"}]}},"Initialize_variable_NameWithSpace":{"runAfter":{"Initialize_variable_Name":["Succeeded"]},"metadata":{"operationMetadataId":"0eb7596c-e716-4d97-a2d5-22327f8ad980"},"type":"InitializeVariable","inputs":{"variables":[{"name":"NameWithSpace","type":"string"}]}},"Initialize_variable_RowPresent":{"runAfter":{"Initialize_variable_FileNameDPI96":["Succeeded"]},"metadata":{"operationMetadataId":"92ab9e2f-fe2d-4326-82e0-2c4a07d114d7"},"type":"InitializeVariable","inputs":{"variables":[{"name":"RowPresent","type":"boolean"}]}},"Find_image_in_WorkingDir":{"runAfter":{"Delete_signature_image":["Succeeded","Failed"]},"metadata":{"operationMetadataId":"5ff3d31a-2daa-4270-a02b-ec9a3e0ee4ef"},"type":"OpenApiConnection","inputs":{"host":{"apiId":"/providers/Microsoft.PowerApps/apis/shared_onedriveforbusiness","connectionName":"shared_onedriveforbusiness","operationId":"FindFilesByPath"},"parameters":{"query":"\\.JPG|\\.jpg|\\.jpeg|\\.PNG|\\.png","path":"@variables('WorkingDir')","findMode":"Pattern","maxFileCount":10},"authentication":"@parameters('$authentication')"}},"Find_signature_image_in_WorkingDir":{"runAfter":{"Apply_to_each":["Succeeded"]},"metadata":{"operationMetadataId":"fb016535-2023-4fb2-800b-97c7ef1cb5e8"},"type":"OpenApiConnection","inputs":{"host":{"apiId":"/providers/Microsoft.PowerApps/apis/shared_onedriveforbusiness","connectionName":"shared_onedriveforbusiness","operationId":"FindFilesByPath"},"parameters":{"query":"image","path":"@variables('WorkingDir')","findMode":"Pattern","maxFileCount":10},"authentication":"@parameters('$authentication')"}},"Initialize_variable_SiteAddress":{"runAfter":{"Initialize_variable_WorkingDir":["Succeeded"]},"metadata":{"operationMetadataId":"8dc84ba9-503c-48fc-b608-4e5da803ef1d"},"type":"InitializeVariable","inputs":{"variables":[{"name":"SiteAddress","type":"string"}]}},"Initialize_variable_Location":{"runAfter":{"Initialize_variable_SiteAddress":["Succeeded"]},"metadata":{"operationMetadataId":"40e83af9-7faa-4e20-a6b7-977328330b6a"},"type":"InitializeVariable","inputs":{"variables":[{"name":"Location","type":"string"}]}},"Initialize_variable_DocumentLibrary":{"runAfter":{"Initialize_variable_Location":["Succeeded"]},"metadata":{"operationMetadataId":"65ec437c-df8b-464b-af7a-be4e8b14cf06"},"type":"InitializeVariable","inputs":{"variables":[{"name":"DocumentLibrary","type":"string"}]}},"Initialize_variable_KeyColumn":{"runAfter":{"Initialize_variable_DocumentLibrary":["Succeeded"]},"metadata":{"operationMetadataId":"79bd8a43-b617-4f34-85e8-80345a35d920"},"type":"InitializeVariable","inputs":{"variables":[{"name":"KeyColumn","type":"string"}]}},"Initialize_variable_File":{"runAfter":{"Initialize_variable_KeyColumn":["Succeeded"]},"metadata":{"operationMetadataId":"eb6a579b-d0d7-4bf8-8aa7-2661f5f168b9"},"type":"InitializeVariable","inputs":{"variables":[{"name":"File","type":"string"}]}},"Initialize_variable_Table":{"runAfter":{"Initialize_variable_File":["Succeeded"]},"metadata":{"operationMetadataId":"47fb6bec-c3c2-4951-a954-2aaff2bffb90"},"type":"InitializeVariable","inputs":{"variables":[{"name":"Table","type":"string"}]}},"Set_Excel_variables":{"actions":{"Set_variable_SiteAddress_":{"runAfter":{},"metadata":{"operationMetadataId":"e5f6e18c-0677-4577-b56f-a0bbc8fe5568"},"type":"SetVariable","inputs":{"name":"SiteAddress","value":"@{concat('https://capgemini.sharepoint.com/sites/', variables('teamName'))}"}},"Set_variable_KeyColumn":{"runAfter":{"Set_variable_SiteAddress_":["Succeeded"]},"metadata":{"operationMetadataId":"894b58df-662c-487b-9d6e-948335e7fcb7"},"type":"SetVariable","inputs":{"name":"KeyColumn","value":"Name"}},"Set_variable":{"runAfter":{"Set_variable_KeyColumn":["Succeeded"]},"metadata":{"operationMetadataId":"303166ad-6e76-44f2-bc4d-349dc59c55ab"},"type":"SetVariable","inputs":{"name":"File","value":"/General/PowerAutomate/NewJoiners/NewJoiners.xlsx"}},"Set_variable_Table":{"runAfter":{"Set_variable":["Succeeded"]},"metadata":{"operationMetadataId":"8aee9beb-88ef-40b3-b76b-c654c9ad1ee6"},"type":"SetVariable","inputs":{"name":"Table","value":"Table1"}},"Send_an_HTTP_request_to_SharePoint":{"runAfter":{"Set_variable_Table":["Succeeded"]},"metadata":{"operationMetadataId":"79808592-a6e1-4178-9d92-d3014f1f756d"},"type":"OpenApiConnection","inputs":{"host":{"apiId":"/providers/Microsoft.PowerApps/apis/shared_sharepointonline","connectionName":"shared_sharepointonline","operationId":"HttpRequest"},"parameters":{"dataset":"@variables('SiteAddress')","parameters/method":"GET","parameters/uri":"_api/v2.0/drives","parameters/headers":{"accept":"application/json"}},"authentication":"@parameters('$authentication')"}},"Parse_JSON":{"runAfter":{"Send_an_HTTP_request_to_SharePoint":["Succeeded"]},"metadata":{"operationMetadataId":"67902689-ba45-4abe-9cca-4091d2d81dd1"},"type":"ParseJson","inputs":{"content":"@body('Send_an_HTTP_request_to_SharePoint')","schema":{"type":"object","properties":{"@@odata.context":{"type":"string"},"value":{"type":"array","items":{"type":"object","properties":{"createdBy":{"type":"object","properties":{"user":{"type":"object","properties":{"displayName":{"type":"string"}}}}},"createdDateTime":{"type":"string"},"description":{"type":"string"},"id":{"type":"string"},"lastModifiedBy":{"type":"object","properties":{"user":{"type":"object","properties":{"displayName":{"type":"string"}}}}},"lastModifiedDateTime":{"type":"string"},"name":{"type":"string"},"webUrl":{"type":"string"},"driveType":{"type":"string"},"owner":{"type":"object","properties":{"group":{"type":"object","properties":{"email":{"type":"string"},"id":{"type":"string"},"displayName":{"type":"string"}}}}},"quota":{"type":"object","properties":{"deleted":{"type":"integer"},"fileCount":{"type":"integer"},"remaining":{"type":"integer"},"state":{"type":"string"},"total":{"type":"integer"},"used":{"type":"integer"}}}},"required":["createdBy","createdDateTime","description","id","lastModifiedBy","lastModifiedDateTime","name","webUrl","driveType","owner","quota"]}}}}}},"Filter_array":{"runAfter":{"Parse_JSON":["Succeeded"]},"metadata":{"operationMetadataId":"d5ca219d-2a23-4543-ad6e-c4edd2ebe8fc"},"type":"Query","inputs":{"from":"@body('Parse_JSON')?['value']","where":"@equals(item()['name'], 'Documents')"}},"Compose_3":{"runAfter":{"Filter_array":["Succeeded"]},"metadata":{"operationMetadataId":"421d68ef-8677-4652-829a-43801937d787"},"type":"Compose","inputs":"@body('Filter_array')[0]['id']"},"Set_variable_DocumentLibrary":{"runAfter":{"Compose_3":["Succeeded"]},"metadata":{"operationMetadataId":"3c5d9f22-dbf3-4e33-b6a1-5a8fcf73dbfc"},"type":"SetVariable","inputs":{"name":"DocumentLibrary","value":"@{outputs('Compose_3')}"}},"List_groups_that_I_own_and_belong_to":{"runAfter":{"Set_variable_DocumentLibrary":["Succeeded"]},"metadata":{"operationMetadataId":"5ed72494-7bdc-4c63-b40f-de67a9bbdbe4"},"type":"OpenApiConnection","inputs":{"host":{"apiId":"/providers/Microsoft.PowerApps/apis/shared_office365groups","connectionName":"shared_office365groups","operationId":"ListOwnedGroups_V3"},"parameters":{},"authentication":"@parameters('$authentication')"}},"Parse_JSON_2":{"runAfter":{"List_groups_that_I_own_and_belong_to":["Succeeded"]},"metadata":{"operationMetadataId":"f1a8fb1e-6029-414f-81f2-dfd333836856"},"type":"ParseJson","inputs":{"content":"@outputs('List_groups_that_I_own_and_belong_to')?['body/value']","schema":{"type":"array","items":{"type":"object","properties":{"id":{"type":"string"},"createdDateTime":{"type":"string"},"creationOptions":{"type":"array","items":{"type":"string"}},"description":{"type":"string"},"displayName":{"type":"string"},"expirationDateTime":{"type":"string"},"groupTypes":{"type":"array","items":{"type":"string"}},"mail":{"type":"string"},"mailEnabled":{"type":"boolean"},"mailNickname":{"type":"string"},"proxyAddresses":{"type":"array","items":{"type":"string"}},"renewedDateTime":{"type":"string"},"resourceBehaviorOptions":{"type":"array"},"resourceProvisioningOptions":{"type":"array","items":{"type":"string"}},"securityEnabled":{"type":"boolean"},"securityIdentifier":{"type":"string"},"visibility":{"type":"string"},"onPremisesProvisioningErrors":{"type":"array"}},"required":["id","createdDateTime","creationOptions","description","displayName","expirationDateTime","groupTypes","mail","mailEnabled","mailNickname","proxyAddresses","renewedDateTime","resourceBehaviorOptions","resourceProvisioningOptions","securityEnabled","securityIdentifier","visibility","onPremisesProvisioningErrors"]}}}},"Filter_array_2":{"runAfter":{"Parse_JSON_2":["Succeeded"]},"metadata":{"operationMetadataId":"3440f924-4b8d-4915-accb-fe834b357aac"},"type":"Query","inputs":{"from":"@body('Parse_JSON_2')","where":"@equals(item()['displayName'], variables('TeamName'))"}},"Compose_4":{"runAfter":{"Filter_array_2":["Succeeded"]},"metadata":{"operationMetadataId":"c5778f66-6293-421a-9dbb-cb2d4e208307"},"type":"Compose","inputs":"@body('Filter_array_2')[0]['id']"},"Set_variable_Location":{"runAfter":{"Compose_4":["Succeeded"]},"metadata":{"operationMetadataId":"f3db2e50-2e13-472a-81e2-7dc934b7499e"},"type":"SetVariable","inputs":{"name":"Location","value":"@{outputs('Compose_4')}"}}},"runAfter":{"Initialize_variable_ImageWidth":["Succeeded"]},"metadata":{"operationMetadataId":"0957bbea-8f7d-4c3c-a994-051f49fc41b1"},"type":"Scope"},"PARAMETER_TeamName":{"runAfter":{},"metadata":{"operationMetadataId":"b99ad01f-d5cf-475a-bffe-011d600e5a43"},"type":"InitializeVariable","inputs":{"variables":[{"name":"TeamName","type":"string","value":"TStepien_Test"}]}},"Apply_to_each_3":{"foreach":"@triggerOutputs()?['body/attachments']","actions":{"Compose":{"runAfter":{},"metadata":{"operationMetadataId":"37df9c72-6244-4877-a441-6bbd5c200b5b"},"type":"Compose","inputs":"@items('Apply_to_each_3')?['size']"}},"runAfter":{"Initialize_variable_RowPresent":["Succeeded"]},"metadata":{"operationMetadataId":"f571348e-f462-475e-a238-09354181c4e7"},"type":"Foreach"},"Get_user_profile_(V2)":{"runAfter":{"Apply_to_each_3":["Succeeded"]},"metadata":{"operationMetadataId":"2c0081eb-4270-4786-98e0-d26909f01fc3"},"type":"OpenApiConnection","inputs":{"host":{"apiId":"/providers/Microsoft.PowerApps/apis/shared_office365users","connectionName":"shared_office365users","operationId":"UserProfile_V2"},"parameters":{"id":"@triggerOutputs()?['body/from']"},"authentication":"@parameters('$authentication')"}},"Set_variable_Name":{"runAfter":{"Get_user_profile_(V2)":["Succeeded"]},"metadata":{"operationMetadataId":"a503e2eb-8f00-46c0-ba1d-a1b5ad6022b0"},"type":"SetVariable","inputs":{"name":"Name","value":"@{outputs('Get_user_profile_(V2)')?['body/givenName']} @{outputs('Get_user_profile_(V2)')?['body/surname']}"}},"Set_variable_NameWithSpace":{"runAfter":{"Set_variable_Name":["Succeeded"]},"metadata":{"operationMetadataId":"4f8c700a-d43c-4630-922b-150a6c089a98"},"type":"SetVariable","inputs":{"name":"NameWithSpace","value":"@{concat(outputs('Get_user_profile_(V2)')?['body/givenName'], ' ', outputs('Get_user_profile_(V2)')?['body/surname'])}"}},"Set_variable_FileName":{"runAfter":{"Set_variable_NameWithSpace":["Succeeded"]},"metadata":{"operationMetadataId":"040921a3-c2cb-4510-ac1e-1c810ae0df2d"},"type":"SetVariable","inputs":{"name":"FileName","value":"@{concat(variables('Name'), '.jpg')}"}},"Compose_5":{"runAfter":{"Find_signature_image_in_WorkingDir":["Succeeded"]},"metadata":{"operationMetadataId":"6e1494f2-d1ce-4b3d-86a9-3c83589637cf"},"type":"Compose","inputs":"@outputs('Find_signature_image_in_WorkingDir')?['body'][0]['id']"},"Initialize_variable_SignatureID":{"runAfter":{"Compose_5":["Succeeded","Failed"]},"metadata":{"operationMetadataId":"fe21e878-b0ea-41a1-871c-8f18df16d367"},"type":"InitializeVariable","inputs":{"variables":[{"name":"SignatureID","type":"string","value":"@{outputs('Compose_5')}"}]}},"Initialize_variable_ImageID":{"runAfter":{"Compose_ImageID":["Succeeded"]},"metadata":{"operationMetadataId":"d21e4fd1-3682-45c5-a4f5-23542a7b55e9"},"type":"InitializeVariable","inputs":{"variables":[{"name":"ImageID","type":"string","value":"@{outputs('Compose_ImageID')}"}]}},"Initialize_variable_ImageWidth":{"runAfter":{"Initialize_variable_Table":["Succeeded"]},"metadata":{"operationMetadataId":"038b0f37-61fe-440e-9cbf-304b1c1f04fb"},"type":"InitializeVariable","inputs":{"variables":[{"name":"ImageWidth","type":"integer","value":150}]}},"Compose_ImageID":{"runAfter":{"Find_image_in_WorkingDir":["Succeeded"]},"metadata":{"operationMetadataId":"0d878e04-feb0-46b7-8b10-78ef362e0eb2"},"type":"Compose","inputs":"@outputs('Find_image_in_WorkingDir')?['body'][0]['id']"},"Compose_InputFileName_InputFileName":{"runAfter":{"Initialize_variable_ImageID":["Succeeded"]},"metadata":{"operationMetadataId":"09132b8d-732d-421f-a623-ebeee1800622"},"type":"Compose","inputs":"@outputs('Find_image_in_WorkingDir')?['body'][0]['Name']"},"Initialize_variable_InputFileName":{"runAfter":{"Compose_InputFileName_InputFileName":["Succeeded"]},"metadata":{"operationMetadataId":"716ec5f7-3433-4f43-b109-5414eec2652d"},"type":"InitializeVariable","inputs":{"variables":[{"name":"InputFileName","type":"string","value":"@{outputs('Compose_InputFileName_InputFileName')}"}]}},"Delete_signature_image":{"runAfter":{"Initialize_variable_SignatureID":["Succeeded"]},"metadata":{"operationMetadataId":"05fa702b-6796-444a-89ff-9b51d2edbd18"},"type":"OpenApiConnection","inputs":{"host":{"apiId":"/providers/Microsoft.PowerApps/apis/shared_onedriveforbusiness","connectionName":"shared_onedriveforbusiness","operationId":"DeleteFile"},"parameters":{"id":"@variables('SignatureID')"},"authentication":"@parameters('$authentication')"}},"Condition":{"actions":{"Move_or_rename_a_file":{"runAfter":{},"metadata":{"operationMetadataId":"b9d282ab-f541-47e4-85de-853eeb9a30e7"},"type":"OpenApiConnection","inputs":{"host":{"apiId":"/providers/Microsoft.PowerApps/apis/shared_onedriveforbusiness","connectionName":"shared_onedriveforbusiness","operationId":"MoveFile"},"parameters":{"id":"@variables('ImageID')","destination":"@{variables('WorkingDir')}/@{variables('FileName')}","overwrite":true},"authentication":"@parameters('$authentication')"}}},"runAfter":{"Initialize_variable_InputFileName":["Succeeded"]},"expression":{"not":{"equals":["@variables('InputFileName')","@variables('FileName')"]}},"metadata":{"operationMetadataId":"35f97993-51b3-471d-a870-7a1b832fedb2"},"type":"If"},"Apply_to_each":{"foreach":"@triggerOutputs()?['body/attachments']","actions":{"Create_file":{"runAfter":{},"metadata":{"operationMetadataId":"1b806999-0ce4-4655-abc1-3961d2da8e31"},"type":"OpenApiConnection","inputs":{"host":{"apiId":"/providers/Microsoft.PowerApps/apis/shared_onedriveforbusiness","connectionName":"shared_onedriveforbusiness","operationId":"CreateFile"},"parameters":{"folderPath":"@variables('WorkingDir')","name":"@items('Apply_to_each')?['name']","body":"@items('Apply_to_each')?['contentBytes']"},"authentication":"@parameters('$authentication')"},"runtimeConfiguration":{"contentTransfer":{"transferMode":"Chunked"}}}},"runAfter":{"Set_variable_FileName":["Succeeded"]},"metadata":{"operationMetadataId":"03d37124-570c-4f36-b02e-ba0d2377493e"},"type":"Foreach"},"Initialize_variable_FileNameDPI96":{"runAfter":{"Initialize_variable_FileName":["Succeeded"]},"metadata":{"operationMetadataId":"45d4bc4e-7d6a-4d5e-aeb3-d9a83bc231ef"},"type":"InitializeVariable","inputs":{"variables":[{"name":"FileNameDPI96","type":"string"}]}}}},"connectionReferences":{"shared_onedriveforbusiness":{"connectionName":"shared-onedriveforbu-cf44cb77-affd-42d7-b13a-bcb9-69dffadb","source":"Embedded","id":"/providers/Microsoft.PowerApps/apis/shared_onedriveforbusiness","tier":"NotSpecified"},"shared_sharepointonline":{"connectionName":"141cc76686534b7bb4494aa210396867","source":"Embedded","id":"/providers/Microsoft.PowerApps/apis/shared_sharepointonline","tier":"NotSpecified"},"shared_office365groups":{"connectionName":"shared-office365grou-623ca867-f9f9-42b8-8640-c54cdac0ba09","source":"Embedded","id":"/providers/Microsoft.PowerApps/apis/shared_office365groups","tier":"NotSpecified"},"shared_office365users":{"connectionName":"shared-office365user-d5d43353-367b-40a8-b0f6-6267cdee4cab","source":"Embedded","id":"/providers/Microsoft.PowerApps/apis/shared_office365users","tier":"NotSpecified"},"shared_office365":{"connectionName":"shared-office365-a324684d-6402-4b61-b8bb-4d5e11398440","source":"Embedded","id":"/providers/Microsoft.PowerApps/apis/shared_office365","tier":"NotSpecified"}},"flowFailureAlertSubscribed":false,"isManaged":false}}